set,card
Aether Revolt,Aerial Modification
Aether Revolt,Wrangle
Aether Revolt,Bastion Enforcer
Aether Revolt,Conviction
Aether Revolt,Deadeye Harpooner
Aether Revolt,Deft Dismissal
Aether Revolt,Ghirapur Osprey
Aether Revolt,Dispersal Technician
Aether Revolt,Efficient Construction
Aether Revolt,Negate
Aether Revolt,Salvage Scuttler
Aether Revolt,Take into Custody
Aether Revolt,Cruel Finality
Aether Revolt,Gonti's Machinations
Aether Revolt,Ironclad Revolutionary
Aether Revolt,Perilous Predicament
Aether Revolt,Resourceful Return
Aether Revolt,Embraal Gear-Smasher
Aether Revolt,Gremlin Infestation
Aether Revolt,Reckless Racer
Aether Revolt,Shock
Aether Revolt,Wrangle
Aether Revolt,Aether Herder
Aether Revolt,Aetherstream Leopard
Aether Revolt,Druid of the Cowl
Aether Revolt,Hidden Herbalists
Aether Revolt,Lifecraft Awakening
Aether Revolt,Lifecrafter's Gift
Aether Revolt,Natural Obsolescence
Aether Revolt,Prey Upon
Aether Revolt,Scrounging Bandar
Aether Revolt,Aegis Automaton
Aether Revolt,Augmenting Automaton
Aether Revolt,Cogwork Assembler
Aether Revolt,Crackdown Construct
Aether Revolt,Filigree Crawler
Aether Revolt,Foundry Assembler
Aether Revolt,Implement of Combustion
Aether Revolt,Implement of Ferocity
Aether Revolt,Implement of Improvement
Aether Revolt,Night Market Guard
Aether Revolt,Prizefighter Construct
Aether Revolt,Treasure Keeper
Aether Revolt,Verdant Automaton
Aether Revolt,Watchful Automaton
Aether Revolt,Welder Automaton
Aether Revolt,"Ajani, Valiant Protector"
Aether Revolt,Ajani's Comrade
Aether Revolt,Ajani's Aid
Aether Revolt,Tranquil Expanse
Aether Revolt,"Tezzeret, Master of Metal"
Aether Revolt,Tezzeret's Betrayal
Aether Revolt,Pendulum of Patterns
Aether Revolt,Tezzeret's Simulacrum
Aether Revolt,Submerged Boneyard
Amonkhet,Devoted Crop-Mate
Amonkhet,Fan Bearer
Amonkhet,Mighty Leap
Amonkhet,Regal Caracal
Amonkhet,Time to Reflect
Amonkhet,Ancient Crab
Amonkhet,Angler Drake
Amonkhet,Cancel
Amonkhet,Censor
Amonkhet,Cryptic Serpent
Amonkhet,Galestrike
Amonkhet,Illusory Wrappings
Amonkhet,Open into Wonder
Amonkhet,Sacred Excavation
Amonkhet,Scribe of the Mindful
Amonkhet,Slither Blade
Amonkhet,Tah-Crop Skirmisher
Amonkhet,Vizier of Tumbling Sands
Amonkhet,Bone Picker
Amonkhet,Faith of the Devoted
Amonkhet,Gravedigger
Amonkhet,Grim Strider
Amonkhet,Lay Bare the Heart
Amonkhet,Stir the Sands
Amonkhet,Unburden
Amonkhet,Bloodrage Brawler
Amonkhet,Brute Strength
Amonkhet,By Force
Amonkhet,Consuming Fervor
Amonkhet,Electrify
Amonkhet,Emberhorn Minotaur
Amonkhet,Flameblade Adept
Amonkhet,Fling
Amonkhet,Limits of Solidarity
Amonkhet,Manticore of the Gauntlet
Amonkhet,Minotaur Sureshot
Amonkhet,Pathmaker Initiate
Amonkhet,Tormenting Voice
Amonkhet,Trueheart Twins
Amonkhet,Violent Impact
Amonkhet,Warfire Javelineer
Amonkhet,Benefaction of Rhonas
Amonkhet,Colossapede
Amonkhet,Hapatra's Mark
Amonkhet,Initiate's Companion
Amonkhet,Shed Weakness
Amonkhet,Spidery Grasp
Amonkhet,Decimator Beetle
Amonkhet,Enigma Drake
Amonkhet,Weaver of Currents
Amonkhet,Embalmer's Tools
Amonkhet,Honed Khopesh
Amonkhet,Luxa River Shrine
Amonkhet,Cradle of the Accursed
Amonkhet,Evolving Wilds
Amonkhet,Grasping Dunes
Amonkhet,Painted Bluffs
Amonkhet,Plains
Amonkhet,Island
Amonkhet,Swamp
Amonkhet,Mountain
Amonkhet,Forest
Amonkhet,Plains
Amonkhet,Plains
Amonkhet,Plains
Amonkhet,Island
Amonkhet,Island
Amonkhet,Island
Amonkhet,Swamp
Amonkhet,Swamp
Amonkhet,Swamp
Amonkhet,Mountain
Amonkhet,Mountain
Amonkhet,Mountain
Amonkhet,Forest
Amonkhet,Forest
Amonkhet,Forest
Amonkhet,"Gideon, Martial Paragon"
Amonkhet,Companion of the Trials
Amonkhet,Gideon's Resolve
Amonkhet,Graceful Cat
Amonkhet,Stone Quarry
Amonkhet,"Liliana, Death Wielder"
Amonkhet,Desiccated Naga
Amonkhet,Liliana's Influence
Amonkhet,Tattered Mummy
Amonkhet,Foul Orchard
Amonkhet,Cinder Barrens
Amonkhet,Forsaken Sanctuary
Amonkhet,Highland Lake
Amonkhet,Submerged Boneyard
Amonkhet,Tranquil Expanse
Amonkhet,Woodland Stream
Dominaria,Adamant Will
Dominaria,Benalish Honor Guard
Dominaria,Blessed Light
Dominaria,Board the Weatherlight
Dominaria,Call the Cavalry
Dominaria,Charge
Dominaria,D'Avenant Trapper
Dominaria,Dauntless Bodyguard
Dominaria,Gideon's Reproach
Dominaria,Invoke the Divine
Dominaria,Knight of Grace
Dominaria,Knight of New Benalia
Dominaria,Mesa Unicorn
Dominaria,On Serra's Wings
Dominaria,Sanctum Spirit
Dominaria,Seal Away
Dominaria,Sergeant-at-Arms
Dominaria,Serra Angel
Dominaria,Tragic Poet
Dominaria,Triumph of Gerrard
Dominaria,Academy Drake
Dominaria,Arcane Flight
Dominaria,Blink of an Eye
Dominaria,Cold-Water Snapper
Dominaria,Curator's Ward
Dominaria,Diligent Excavator
Dominaria,Homarid Explorer
Dominaria,In Bolas's Clutches
Dominaria,Merfolk Trickster
Dominaria,Opt
Dominaria,Relic Runner
Dominaria,Rescue
Dominaria,Sentinel of the Pearl Trident
Dominaria,Syncopate
Dominaria,Time of Ice
Dominaria,Tolarian Scholar
Dominaria,Unwind
Dominaria,Vodalian Arcanist
Dominaria,Weight of Memory
Dominaria,Wizard's Retort
Dominaria,Cabal Evangel
Dominaria,Cabal Paladin
Dominaria,Chainer's Torment
Dominaria,Dark Bargain
Dominaria,Deathbloom Thallid
Dominaria,Divest
Dominaria,Eviscerate
Dominaria,Final Parting
Dominaria,Knight of Malice
Dominaria,Lingering Phantom
Dominaria,Rat Colony
Dominaria,Settle the Score
Dominaria,Soul Salvage
Dominaria,Stronghold Confessor
Dominaria,Thallid Soothsayer
Dominaria,Vicious Offering
Dominaria,Champion of the Flame
Dominaria,Fiery Intervention
Dominaria,Fight with Fire
Dominaria,Fire Elemental
Dominaria,Firefist Adept
Dominaria,Frenzied Rage
Dominaria,Ghitu Chronicler
Dominaria,Ghitu Journeymage
Dominaria,Goblin Barrage
Dominaria,Jaya Ballard
Dominaria,Keldon Overseer
Dominaria,Keldon Raider
Dominaria,Keldon Warcaller
Dominaria,Orcish Vandal
Dominaria,Radiating Lightning
Dominaria,Shivan Fire
Dominaria,Warcry Phoenix
Dominaria,Warlord's Fury
Dominaria,Wizard's Lightning
Dominaria,Ancient Animus
Dominaria,Corrosive Ooze
Dominaria,Elfhame Druid
Dominaria,Fungal Plots
Dominaria,Gaea's Blessing
Dominaria,Grow from the Ashes
Dominaria,Llanowar Envoy
Dominaria,Llanowar Scout
Dominaria,Mammoth Spider
Dominaria,The Mending of Dominaria
Dominaria,"Multani, Yavimaya's Avatar"
Dominaria,Primordial Wurm
Dominaria,Song of Freyalise
Dominaria,Spore Swarm
Dominaria,Sporecrown Thallid
Dominaria,Thorn Elemental
Dominaria,Untamed Kavu
Dominaria,Wild Onslaught
Dominaria,"Garna, the Bloodflame"
Dominaria,Aesthir Glider
Dominaria,Amaranthine Wall
Dominaria,Blackblade Reforged
Dominaria,Bloodtallow Candle
Dominaria,Damping Sphere
Dominaria,Gilded Lotus
Dominaria,Guardians of Koilos
Dominaria,Howling Golem
Dominaria,Jhoira's Familiar
Dominaria,Jousting Lance
Dominaria,Navigator's Compass
Dominaria,Pardic Wanderer
Dominaria,Powerstone Shard
Dominaria,Shield of the Realm
Dominaria,Skittering Surveyor
Dominaria,Sorcerer's Wand
Dominaria,Sparring Construct
Dominaria,Urza's Tome
Dominaria,Voltaic Servant
Dominaria,Weatherlight
Dominaria,Memorial to Folly
Dominaria,Memorial to Genius
Dominaria,Memorial to Glory
Dominaria,Memorial to Unity
Dominaria,Memorial to War
Dominaria,Plains
Dominaria,Plains
Dominaria,Plains
Dominaria,Plains
Dominaria,Island
Dominaria,Island
Dominaria,Island
Dominaria,Island
Dominaria,Swamp
Dominaria,Swamp
Dominaria,Swamp
Dominaria,Swamp
Dominaria,Mountain
Dominaria,Mountain
Dominaria,Mountain
Dominaria,Mountain
Dominaria,Forest
Dominaria,Forest
Dominaria,Forest
Dominaria,Forest
Dominaria,"Teferi, Timebender"
Dominaria,Temporal Machinations
Dominaria,"Niambi, Faithful Healer"
Dominaria,Teferi's Sentinel
Dominaria,"Chandra, Bold Pyromancer"
Dominaria,Chandra's Outburst
Dominaria,Karplusan Hound
Dominaria,Pyromantic Pilgrim
Guilds of Ravnica,Bounty Agent
Guilds of Ravnica,Crush Contraband
Guilds of Ravnica,Demotion
Guilds of Ravnica,Flight of Equenauts
Guilds of Ravnica,Gird for Battle
Guilds of Ravnica,Haazda Marshal
Guilds of Ravnica,Hunted Witness
Guilds of Ravnica,Inspiring Unicorn
Guilds of Ravnica,Ledev Guardian
Guilds of Ravnica,Loxodon Restorer
Guilds of Ravnica,Luminous Bonds
Guilds of Ravnica,Parhelion Patrol
Guilds of Ravnica,Righteous Blow
Guilds of Ravnica,Roc Charger
Guilds of Ravnica,Skyline Scout
Guilds of Ravnica,Sunhome Stalwart
Guilds of Ravnica,Sworn Companions
Guilds of Ravnica,Take Heart
Guilds of Ravnica,Tenth District Guard
Guilds of Ravnica,Devious Cover-Up
Guilds of Ravnica,Dimir Informant
Guilds of Ravnica,Dream Eater
Guilds of Ravnica,Enhanced Surveillance
Guilds of Ravnica,Guild Summit
Guilds of Ravnica,Murmuring Mystic
Guilds of Ravnica,Muse Drake
Guilds of Ravnica,Nightveil Sprite
Guilds of Ravnica,Omnispell Adept
Guilds of Ravnica,Passwall Adept
Guilds of Ravnica,Radical Idea
Guilds of Ravnica,Selective Snare
Guilds of Ravnica,Thoughtbound Phantasm
Guilds of Ravnica,Unexplained Disappearance
Guilds of Ravnica,Vedalken Mesmerist
Guilds of Ravnica,Wall of Mist
Guilds of Ravnica,Watcher in the Mist
Guilds of Ravnica,Barrier of Bones
Guilds of Ravnica,Burglar Rat
Guilds of Ravnica,Creeping Chill
Guilds of Ravnica,Dead Weight
Guilds of Ravnica,Deadly Visit
Guilds of Ravnica,Douser of Lights
Guilds of Ravnica,Hired Poisoner
Guilds of Ravnica,Kraul Swarm
Guilds of Ravnica,Lotleth Giant
Guilds of Ravnica,Moodmark Painter
Guilds of Ravnica,Pilfering Imp
Guilds of Ravnica,Price of Fame
Guilds of Ravnica,Severed Strands
Guilds of Ravnica,Spinal Centipede
Guilds of Ravnica,Undercity Necrolisk
Guilds of Ravnica,Veiled Shade
Guilds of Ravnica,Vicious Rumors
Guilds of Ravnica,Whispering Snitch
Guilds of Ravnica,Book Devourer
Guilds of Ravnica,Command the Storm
Guilds of Ravnica,Electrostatic Field
Guilds of Ravnica,Erratic Cyclops
Guilds of Ravnica,Fearless Halberdier
Guilds of Ravnica,Fire Urchin
Guilds of Ravnica,Goblin Banneret
Guilds of Ravnica,Goblin Cratermaker
Guilds of Ravnica,Hellkite Whelp
Guilds of Ravnica,Inescapable Blaze
Guilds of Ravnica,Maniacal Rage
Guilds of Ravnica,Ornery Goblin
Guilds of Ravnica,Rubblebelt Boar
Guilds of Ravnica,Smelt-Ward Minotaur
Guilds of Ravnica,Street Riot
Guilds of Ravnica,Sure Strike
Guilds of Ravnica,Arboretum Elemental
Guilds of Ravnica,Circuitous Route
Guilds of Ravnica,Crushing Canopy
Guilds of Ravnica,Devkarin Dissident
Guilds of Ravnica,District Guide
Guilds of Ravnica,Generous Stray
Guilds of Ravnica,Golgari Raiders
Guilds of Ravnica,Grappling Sundew
Guilds of Ravnica,Hitchclaw Recluse
Guilds of Ravnica,Ironshell Beetle
Guilds of Ravnica,Kraul Harpooner
Guilds of Ravnica,Might of the Masses
Guilds of Ravnica,Nullhide Ferox
Guilds of Ravnica,Pause for Reflection
Guilds of Ravnica,Portcullis Vine
Guilds of Ravnica,Prey Upon
Guilds of Ravnica,Siege Wurm
Guilds of Ravnica,Sprouting Renewal
Guilds of Ravnica,Urban Utopia
Guilds of Ravnica,Vigorspore Wurm
Guilds of Ravnica,Wary Okapi
Guilds of Ravnica,Wild Ceratok
Guilds of Ravnica,Artful Takedown
Guilds of Ravnica,Beacon Bolt
Guilds of Ravnica,Beamsplitter Mage
Guilds of Ravnica,Camaraderie
Guilds of Ravnica,Centaur Peacemaker
Guilds of Ravnica,Chance for Glory
Guilds of Ravnica,Charnel Troll
Guilds of Ravnica,Conclave Cavalier
Guilds of Ravnica,Conclave Guildmage
Guilds of Ravnica,Crackling Drake
Guilds of Ravnica,Darkblade Agent
Guilds of Ravnica,Dimir Spybug
Guilds of Ravnica,Disinformation Campaign
Guilds of Ravnica,Erstwhile Trooper
Guilds of Ravnica,Garrison Sergeant
Guilds of Ravnica,Glowspore Shaman
Guilds of Ravnica,Goblin Electromancer
Guilds of Ravnica,Golgari Findbroker
Guilds of Ravnica,House Guildmage
Guilds of Ravnica,Justice Strike
Guilds of Ravnica,League Guildmage
Guilds of Ravnica,Ledev Champion
Guilds of Ravnica,Legion Guildmage
Guilds of Ravnica,March of the Multitudes
Guilds of Ravnica,Mnemonic Betrayal
Guilds of Ravnica,Molderhulk
Guilds of Ravnica,Nightveil Predator
Guilds of Ravnica,Notion Rain
Guilds of Ravnica,Rhizome Lurcher
Guilds of Ravnica,Skyknight Legionnaire
Guilds of Ravnica,Sonic Assault
Guilds of Ravnica,Sumala Woodshaper
Guilds of Ravnica,Swarm Guildmage
Guilds of Ravnica,Swathcutter Giant
Guilds of Ravnica,Truefire Captain
Guilds of Ravnica,Undercity Uprising
Guilds of Ravnica,Worldsoul Colossus
Guilds of Ravnica,Fresh-Faced Recruit
Guilds of Ravnica,Piston-Fist Cyclops
Guilds of Ravnica,Pitiless Gorgon
Guilds of Ravnica,Vernadi Shieldmate
Guilds of Ravnica,Whisper Agent
Guilds of Ravnica,Boros Locket
Guilds of Ravnica,Chamber Sentry
Guilds of Ravnica,Chromatic Lantern
Guilds of Ravnica,Dimir Locket
Guilds of Ravnica,Gatekeeper Gargoyle
Guilds of Ravnica,Glaive of the Guildpact
Guilds of Ravnica,Golgari Locket
Guilds of Ravnica,Izzet Locket
Guilds of Ravnica,Rampaging Monument
Guilds of Ravnica,Selesnya Locket
Guilds of Ravnica,Silent Dart
Guilds of Ravnica,Wand of Vertebrae
Guilds of Ravnica,Boros Guildgate
Guilds of Ravnica,Boros Guildgate
Guilds of Ravnica,Dimir Guildgate
Guilds of Ravnica,Dimir Guildgate
Guilds of Ravnica,Gateway Plaza
Guilds of Ravnica,Golgari Guildgate
Guilds of Ravnica,Golgari Guildgate
Guilds of Ravnica,Guildmages' Forum
Guilds of Ravnica,Izzet Guildgate
Guilds of Ravnica,Izzet Guildgate
Guilds of Ravnica,Overgrown Tomb
Guilds of Ravnica,Sacred Foundry
Guilds of Ravnica,Selesnya Guildgate
Guilds of Ravnica,Selesnya Guildgate
Guilds of Ravnica,Steam Vents
Guilds of Ravnica,Temple Garden
Guilds of Ravnica,Watery Grave
Guilds of Ravnica,Plains
Guilds of Ravnica,Island
Guilds of Ravnica,Swamp
Guilds of Ravnica,Mountain
Guilds of Ravnica,Forest
Guilds of Ravnica,"Ral, Caller of Storms"
Guilds of Ravnica,Ral's Dispersal
Guilds of Ravnica,Precision Bolt
Guilds of Ravnica,Ral's Staticaster
Guilds of Ravnica,"Vraska, Regal Gorgon"
Guilds of Ravnica,Kraul Raider
Guilds of Ravnica,Attendant of Vraska
Guilds of Ravnica,Vraska's Stoneglare
Guilds of Ravnica,Impervious Greatwurm
Hour of Devastation,Act of Heroism
Hour of Devastation,Angel of the God-Pharaoh
Hour of Devastation,Aven of Enduring Hope
Hour of Devastation,Dauntless Aven
Hour of Devastation,Desert's Hold
Hour of Devastation,Dutiful Servants
Hour of Devastation,Gideon's Defeat
Hour of Devastation,Hour of Revelation
Hour of Devastation,Mummy Paramount
Hour of Devastation,Oketra's Avenger
Hour of Devastation,Sandblast
Hour of Devastation,Saving Grace
Hour of Devastation,Solitary Camel
Hour of Devastation,Steward of Solidarity
Hour of Devastation,Sunscourge Champion
Hour of Devastation,Unconventional Tactics
Hour of Devastation,Vizier of the True
Hour of Devastation,Aerial Guide
Hour of Devastation,Aven Reedstalker
Hour of Devastation,Countervailing Winds
Hour of Devastation,Cunning Survivor
Hour of Devastation,Eternal of Harsh Truths
Hour of Devastation,Imaginary Threats
Hour of Devastation,Jace's Defeat
Hour of Devastation,Ominous Sphinx
Hour of Devastation,Proven Combatant
Hour of Devastation,Riddleform
Hour of Devastation,Seer of the Last Tomorrow
Hour of Devastation,Sinuous Striker
Hour of Devastation,Spellweaver Eternal
Hour of Devastation,Strategic Planning
Hour of Devastation,Striped Riverwinder
Hour of Devastation,Supreme Will
Hour of Devastation,Tragic Lesson
Hour of Devastation,Unquenchable Thirst
Hour of Devastation,Vizier of the Anointed
Hour of Devastation,Accursed Horde
Hour of Devastation,Banewhip Punisher
Hour of Devastation,Carrion Screecher
Hour of Devastation,Doomfall
Hour of Devastation,Grisly Survivor
Hour of Devastation,Khenra Eternal
Hour of Devastation,Liliana's Defeat
Hour of Devastation,Lurching Rotbeast
Hour of Devastation,Merciless Eternal
Hour of Devastation,Moaning Wall
Hour of Devastation,Razaketh's Rite
Hour of Devastation,Torment of Scarabs
Hour of Devastation,Vile Manifestation
Hour of Devastation,Without Weakness
Hour of Devastation,Wretched Camel
Hour of Devastation,Burning-Fist Minotaur
Hour of Devastation,Chandra's Defeat
Hour of Devastation,Defiant Khenra
Hour of Devastation,Fervent Paincaster
Hour of Devastation,Gilded Cerodon
Hour of Devastation,Kindled Fury
Hour of Devastation,Magmaroth
Hour of Devastation,Manticore Eternal
Hour of Devastation,Open Fire
Hour of Devastation,Puncturing Blow
Hour of Devastation,Sand Strangler
Hour of Devastation,Thorned Moloch
Hour of Devastation,Ambuscade
Hour of Devastation,Devotee of Strength
Hour of Devastation,Dune Diviner
Hour of Devastation,Frilled Sandwalla
Hour of Devastation,Gift of Strength
Hour of Devastation,Harrier Naga
Hour of Devastation,Hope Tender
Hour of Devastation,Life Goes On
Hour of Devastation,Nissa's Defeat
Hour of Devastation,Oasis Ritualist
Hour of Devastation,Overcome
Hour of Devastation,Quarry Beetle
Hour of Devastation,Rampaging Hippo
Hour of Devastation,Rhonas's Stalwart
Hour of Devastation,Sidewinder Naga
Hour of Devastation,Sifter Wurm
Hour of Devastation,Tenacious Hunter
Hour of Devastation,Bloodwater Entity
Hour of Devastation,Resolute Survivors
Hour of Devastation,Unraveling Mummy
Hour of Devastation,Crook of Condemnation
Hour of Devastation,Dagger of the Worthy
Hour of Devastation,Graven Abomination
Hour of Devastation,Manalith
Hour of Devastation,Traveler's Amulet
Hour of Devastation,Wall of Forgotten Pharaohs
Hour of Devastation,Crypt of the Eternals
Hour of Devastation,Desert of the Fervent
Hour of Devastation,Desert of the Glorified
Hour of Devastation,Desert of the Indomitable
Hour of Devastation,Desert of the Mindful
Hour of Devastation,Desert of the True
Hour of Devastation,Dunes of the Dead
Hour of Devastation,Ifnir Deadlands
Hour of Devastation,Ipnu Rivulet
Hour of Devastation,Ramunap Ruins
Hour of Devastation,Shefet Dunes
Hour of Devastation,Survivors' Encampment
Hour of Devastation,Plains
Hour of Devastation,Island
Hour of Devastation,Swamp
Hour of Devastation,Mountain
Hour of Devastation,Forest
Hour of Devastation,Plains
Hour of Devastation,Plains
Hour of Devastation,Island
Hour of Devastation,Island
Hour of Devastation,Swamp
Hour of Devastation,Swamp
Hour of Devastation,Mountain
Hour of Devastation,Mountain
Hour of Devastation,Forest
Hour of Devastation,Forest
Hour of Devastation,"Nissa, Genesis Mage"
Hour of Devastation,Avid Reclaimer
Hour of Devastation,Brambleweft Behemoth
Hour of Devastation,Nissa's Encouragement
Hour of Devastation,Woodland Stream
Hour of Devastation,"Nicol Bolas, the Deceiver"
Hour of Devastation,Wasp of the Bitter End
Hour of Devastation,Visage of Bolas
Hour of Devastation,Cinder Barrens
Ikoria Lair of Behemoths,Adaptive Shimmerer
Ikoria Lair of Behemoths,Farfinder
Ikoria Lair of Behemoths,Blade Banish
Ikoria Lair of Behemoths,Checkpoint Officer
Ikoria Lair of Behemoths,Coordinated Charge
Ikoria Lair of Behemoths,Daysquad Marshal
Ikoria Lair of Behemoths,Divine Arrow
Ikoria Lair of Behemoths,Drannith Healer
Ikoria Lair of Behemoths,Fight as One
Ikoria Lair of Behemoths,Garrison Cat
Ikoria Lair of Behemoths,Helica Glider
Ikoria Lair of Behemoths,Huntmaster Liger
Ikoria Lair of Behemoths,Imposing Vantasaur
Ikoria Lair of Behemoths,Keensight Mentor
Ikoria Lair of Behemoths,Light of Hope
Ikoria Lair of Behemoths,Maned Serval
Ikoria Lair of Behemoths,Patagia Tiger
Ikoria Lair of Behemoths,Perimeter Sergeant
Ikoria Lair of Behemoths,Sanctuary Lockdown
Ikoria Lair of Behemoths,Savai Sabertooth
Ikoria Lair of Behemoths,Snare Tactician
Ikoria Lair of Behemoths,Solid Footing
Ikoria Lair of Behemoths,Splendor Mare
Ikoria Lair of Behemoths,Spontaneous Flight
Ikoria Lair of Behemoths,Stormwild Capridor
Ikoria Lair of Behemoths,Swallow Whole
Ikoria Lair of Behemoths,Valiant Rescuer
Ikoria Lair of Behemoths,Vulpikeet
Ikoria Lair of Behemoths,Will of the All-Hunter
Ikoria Lair of Behemoths,Aegis Turtle
Ikoria Lair of Behemoths,Archipelagore
Ikoria Lair of Behemoths,Avian Oddity
Ikoria Lair of Behemoths,Boon of the Wish-Giver
Ikoria Lair of Behemoths,Convolute
Ikoria Lair of Behemoths,Crystacean
Ikoria Lair of Behemoths,Dreamtail Heron
Ikoria Lair of Behemoths,Escape Protocol
Ikoria Lair of Behemoths,Facet Reader
Ikoria Lair of Behemoths,Frostveil Ambush
Ikoria Lair of Behemoths,Glimmerbell
Ikoria Lair of Behemoths,Gust of Wind
Ikoria Lair of Behemoths,Hampering Snare
Ikoria Lair of Behemoths,Keep Safe
Ikoria Lair of Behemoths,Mystic Subdual
Ikoria Lair of Behemoths,Neutralize
Ikoria Lair of Behemoths,Of One Mind
Ikoria Lair of Behemoths,Ominous Seas
Ikoria Lair of Behemoths,Phase Dolphin
Ikoria Lair of Behemoths,Pollywog Symbiote
Ikoria Lair of Behemoths,Reconnaissance Mission
Ikoria Lair of Behemoths,Startling Development
Ikoria Lair of Behemoths,Thieving Otter
Ikoria Lair of Behemoths,Wingfold Pteron
Ikoria Lair of Behemoths,Wingspan Mentor
Ikoria Lair of Behemoths,Bastion of Remembrance
Ikoria Lair of Behemoths,Blitz Leech
Ikoria Lair of Behemoths,Blood Curdle
Ikoria Lair of Behemoths,Boot Nipper
Ikoria Lair of Behemoths,Bushmeat Poacher
Ikoria Lair of Behemoths,Call of the Death-Dweller
Ikoria Lair of Behemoths,Cavern Whisperer
Ikoria Lair of Behemoths,Chittering Harvester
Ikoria Lair of Behemoths,Corpse Churn
Ikoria Lair of Behemoths,Dark Bargain
Ikoria Lair of Behemoths,Dead Weight
Ikoria Lair of Behemoths,Durable Coilbug
Ikoria Lair of Behemoths,Duskfang Mentor
Ikoria Lair of Behemoths,Easy Prey
Ikoria Lair of Behemoths,Gloom Pangolin
Ikoria Lair of Behemoths,Grimdancer
Ikoria Lair of Behemoths,Heartless Act
Ikoria Lair of Behemoths,Insatiable Hemophage
Ikoria Lair of Behemoths,Lurking Deadeye
Ikoria Lair of Behemoths,Memory Leak
Ikoria Lair of Behemoths,Mutual Destruction
Ikoria Lair of Behemoths,Nightsquad Commando
Ikoria Lair of Behemoths,Serrated Scorpion
Ikoria Lair of Behemoths,Suffocating Fumes
Ikoria Lair of Behemoths,Unbreakable Bond
Ikoria Lair of Behemoths,Unexpected Fangs
Ikoria Lair of Behemoths,Unlikely Aid
Ikoria Lair of Behemoths,Whisper Squad
Ikoria Lair of Behemoths,Zagoth Mamba
Ikoria Lair of Behemoths,Blisterspit Gremlin
Ikoria Lair of Behemoths,Blitz of the Thunder-Raptor
Ikoria Lair of Behemoths,Clash of Titans
Ikoria Lair of Behemoths,Drannith Stinger
Ikoria Lair of Behemoths,Ferocious Tigorilla
Ikoria Lair of Behemoths,Fire Prophecy
Ikoria Lair of Behemoths,Flame Spill
Ikoria Lair of Behemoths,Footfall Crater
Ikoria Lair of Behemoths,Frenzied Raptor
Ikoria Lair of Behemoths,Frillscare Mentor
Ikoria Lair of Behemoths,Go for Blood
Ikoria Lair of Behemoths,Heightened Reflexes
Ikoria Lair of Behemoths,Lava Serpent
Ikoria Lair of Behemoths,Momentum Rumbler
Ikoria Lair of Behemoths,Prickly Marmoset
Ikoria Lair of Behemoths,Pyroceratops
Ikoria Lair of Behemoths,Raking Claws
Ikoria Lair of Behemoths,Reptilian Reflection
Ikoria Lair of Behemoths,Rooting Moloch
Ikoria Lair of Behemoths,Rumbling Rockslide
Ikoria Lair of Behemoths,Sanctuary Smasher
Ikoria Lair of Behemoths,Shredded Sails
Ikoria Lair of Behemoths,Spelleater Wolverine
Ikoria Lair of Behemoths,Tentative Connection
Ikoria Lair of Behemoths,Weaponize the Monsters
Ikoria Lair of Behemoths,Almighty Brushwagg
Ikoria Lair of Behemoths,Barrier Breach
Ikoria Lair of Behemoths,Charge of the Forever-Beast
Ikoria Lair of Behemoths,Essence Symbiote
Ikoria Lair of Behemoths,Excavation Mole
Ikoria Lair of Behemoths,Exuberant Wolfbear
Ikoria Lair of Behemoths,Fertilid
Ikoria Lair of Behemoths,Flycatcher Giraffid
Ikoria Lair of Behemoths,Fully Grown
Ikoria Lair of Behemoths,Honey Mammoth
Ikoria Lair of Behemoths,Hornbash Mentor
Ikoria Lair of Behemoths,Humble Naturalist
Ikoria Lair of Behemoths,Ivy Elemental
Ikoria Lair of Behemoths,Lead the Stampede
Ikoria Lair of Behemoths,Monstrous Step
Ikoria Lair of Behemoths,Mosscoat Goriak
Ikoria Lair of Behemoths,Plummet
Ikoria Lair of Behemoths,Ram Through
Ikoria Lair of Behemoths,Sudden Spinnerets
Ikoria Lair of Behemoths,Survivors' Bond
Ikoria Lair of Behemoths,Thwart the Enemy
Ikoria Lair of Behemoths,Titanoth Rex
Ikoria Lair of Behemoths,Wilt
Ikoria Lair of Behemoths,Back for More
Ikoria Lair of Behemoths,Channeled Force
Ikoria Lair of Behemoths,Dire Tactics
Ikoria Lair of Behemoths,General's Enforcer
Ikoria Lair of Behemoths,Primal Empathy
Ikoria Lair of Behemoths,Savai Thundermane
Ikoria Lair of Behemoths,Skull Prophet
Ikoria Lair of Behemoths,Zenith Flare
Ikoria Lair of Behemoths,Alert Heedbonder
Ikoria Lair of Behemoths,Cunning Nightbonder
Ikoria Lair of Behemoths,Jubilant Skybonder
Ikoria Lair of Behemoths,Proud Wildbonder
Ikoria Lair of Behemoths,Sonorous Howlbonder
Ikoria Lair of Behemoths,Indatha Crystal
Ikoria Lair of Behemoths,Ketria Crystal
Ikoria Lair of Behemoths,Raugrin Crystal
Ikoria Lair of Behemoths,Savai Crystal
Ikoria Lair of Behemoths,Sleeper Dart
Ikoria Lair of Behemoths,Springjaw Trap
Ikoria Lair of Behemoths,Zagoth Crystal
Ikoria Lair of Behemoths,Bloodfell Caves
Ikoria Lair of Behemoths,Dismal Backwater
Ikoria Lair of Behemoths,Evolving Wilds
Ikoria Lair of Behemoths,Rugged Highlands
Ikoria Lair of Behemoths,Tranquil Cove
Ikoria Lair of Behemoths,Wind-Scarred Crag
Ikoria Lair of Behemoths,Plains
Ikoria Lair of Behemoths,Plains
Ikoria Lair of Behemoths,Plains
Ikoria Lair of Behemoths,Island
Ikoria Lair of Behemoths,Island
Ikoria Lair of Behemoths,Island
Ikoria Lair of Behemoths,Swamp
Ikoria Lair of Behemoths,Swamp
Ikoria Lair of Behemoths,Swamp
Ikoria Lair of Behemoths,Mountain
Ikoria Lair of Behemoths,Mountain
Ikoria Lair of Behemoths,Mountain
Ikoria Lair of Behemoths,Forest
Ikoria Lair of Behemoths,Forest
Ikoria Lair of Behemoths,Forest
Ikoria Lair of Behemoths,"Zilortha, Strength Incarnate"
Ikoria Lair of Behemoths,Huntmaster Liger
Ikoria Lair of Behemoths,Vulpikeet
Ikoria Lair of Behemoths,Archipelagore
Ikoria Lair of Behemoths,Dreamtail Heron
Ikoria Lair of Behemoths,Cavern Whisperer
Ikoria Lair of Behemoths,Chittering Harvester
Ikoria Lair of Behemoths,Insatiable Hemophage
Ikoria Lair of Behemoths,Heartless Act
Ikoria Lair of Behemoths,Huntmaster Liger
Ikoria Lair of Behemoths,Pollywog Symbiote
Ikoria Lair of Behemoths,Titanoth Rex
Ixalan,Adanto Vanguard
Ixalan,Ashes of the Abhorrent
Ixalan,Axis of Mortality
Ixalan,Bellowing Aegisaur
Ixalan,Bishop of Rebirth
Ixalan,Bishop's Soldier
Ixalan,Bright Reprisal
Ixalan,Demystify
Ixalan,Duskborne Skymarcher
Ixalan,Emissary of Sunrise
Ixalan,Encampment Keeper
Ixalan,Glorifier of Dusk
Ixalan,Goring Ceratops
Ixalan,Imperial Aerosaur
Ixalan,Imperial Lancer
Ixalan,Inspiring Cleric
Ixalan,Ixalan's Binding
Ixalan,Kinjalli's Caller
Ixalan,Kinjalli's Sunwing
Ixalan,Legion Conquistador
Ixalan,Legion's Judgment
Ixalan,Looming Altisaur
Ixalan,"Mavren Fein, Dusk Apostle"
Ixalan,Paladin of the Bloodstained
Ixalan,Pious Interdiction
Ixalan,Priest of the Wakening Sun
Ixalan,Pterodon Knight
Ixalan,Queen's Commission
Ixalan,Rallying Roar
Ixalan,Raptor Companion
Ixalan,Ritual of Rejuvenation
Ixalan,Sanguine Sacrament
Ixalan,Settle the Wreckage
Ixalan,Sheltering Light
Ixalan,Shining Aerosaur
Ixalan,Skyblade of the Legion
Ixalan,Slash of Talons
Ixalan,Steadfast Armasaur
Ixalan,Sunrise Seeker
Ixalan,Territorial Hammerskull
Ixalan,Tocatli Honor Guard
Ixalan,Vampire's Zeal
Ixalan,Wakening Sun's Avatar
Ixalan,Air Elemental
Ixalan,Arcane Adaptation
Ixalan,Cancel
Ixalan,Chart a Course
Ixalan,Daring Saboteur
Ixalan,Deadeye Quartermaster
Ixalan,Deeproot Waters
Ixalan,Depths of Desire
Ixalan,Dive Down
Ixalan,Dreamcaller Siren
Ixalan,Entrancing Melody
Ixalan,Favorable Winds
Ixalan,Fleet Swallower
Ixalan,Headwater Sentries
Ixalan,Herald of Secret Streams
Ixalan,"Jace, Cunning Castaway"
Ixalan,"Kopala, Warden of Waves"
Ixalan,Lookout's Dispersal
Ixalan,Navigator's Ruin
Ixalan,One With the Wind
Ixalan,Opt
Ixalan,Overflowing Insight
Ixalan,Perilous Voyage
Ixalan,Pirate's Prize
Ixalan,Prosperous Pirates
Ixalan,River Sneak
Ixalan,River's Rebuke
Ixalan,Run Aground
Ixalan,Sailor of Means
Ixalan,Shaper Apprentice
Ixalan,Shipwreck Looter
Ixalan,Shore Keeper
Ixalan,Siren Lookout
Ixalan,Siren Stormtamer
Ixalan,Siren's Ruse
Ixalan,Spell Pierce
Ixalan,Spell Swindle
Ixalan,Storm Fleet Aerialist
Ixalan,Storm Fleet Spy
Ixalan,Storm Sculptor
Ixalan,Tempest Caller
Ixalan,Watertrap Weaver
Ixalan,Wind Strider
Ixalan,Anointed Deacon
Ixalan,Bishop of the Bloodstained
Ixalan,Blight Keeper
Ixalan,Bloodcrazed Paladin
Ixalan,Boneyard Parley
Ixalan,Contract Killing
Ixalan,Costly Plunder
Ixalan,Dark Nourishment
Ixalan,Deadeye Tormentor
Ixalan,Deadeye Tracker
Ixalan,Deathless Ancient
Ixalan,Desperate Castaways
Ixalan,Dire Fleet Hoarder
Ixalan,Dire Fleet Interloper
Ixalan,Dire Fleet Ravager
Ixalan,Duress
Ixalan,Fathom Fleet Captain
Ixalan,Fathom Fleet Cutthroat
Ixalan,Grim Captain's Call
Ixalan,Heartless Pillage
Ixalan,Kitesail Freebooter
Ixalan,Lurking Chupacabra
Ixalan,March of the Drowned
Ixalan,Mark of the Vampire
Ixalan,Queen's Agent
Ixalan,Queen's Bay Soldier
Ixalan,Raiders' Wake
Ixalan,Revel in Riches
Ixalan,Ruin Raider
Ixalan,Ruthless Knave
Ixalan,Sanctum Seeker
Ixalan,Seekers' Squire
Ixalan,Skittering Heartstopper
Ixalan,Skulduggery
Ixalan,Skymarch Bloodletter
Ixalan,Spreading Rot
Ixalan,Sword-Point Diplomacy
Ixalan,Vanquish the Weak
Ixalan,Vicious Conquistador
Ixalan,Vraska's Contempt
Ixalan,Walk the Plank
Ixalan,Wanted Scoundrels
Ixalan,Angrath's Marauders
Ixalan,Bonded Horncrest
Ixalan,Brazen Buccaneers
Ixalan,Burning Sun's Avatar
Ixalan,Captain Lannery Storm
Ixalan,Captivating Crew
Ixalan,Charging Monstrosaur
Ixalan,Demolish
Ixalan,Dinosaur Stampede
Ixalan,Dual Shot
Ixalan,Fathom Fleet Firebrand
Ixalan,Fiery Cannonade
Ixalan,Fire Shrine Keeper
Ixalan,Firecannon Blast
Ixalan,Frenzied Raptor
Ixalan,Headstrong Brute
Ixalan,Hijack
Ixalan,Lightning Strike
Ixalan,Lightning-Rig Crew
Ixalan,Makeshift Munitions
Ixalan,Nest Robber
Ixalan,Otepec Huntmaster
Ixalan,Rampaging Ferocidon
Ixalan,Raptor Hatchling
Ixalan,Repeating Barrage
Ixalan,Rigging Runner
Ixalan,Rile
Ixalan,Rowdy Crew
Ixalan,Rummaging Goblin
Ixalan,Star of Extinction
Ixalan,Storm Fleet Arsonist
Ixalan,Storm Fleet Pyromancer
Ixalan,Sun-Crowned Hunters
Ixalan,Sunbird's Invocation
Ixalan,Sure Strike
Ixalan,Swashbuckling
Ixalan,Thrash of Raptors
Ixalan,Tilonalli's Knight
Ixalan,Tilonalli's Skinshifter
Ixalan,Trove of Temptation
Ixalan,Unfriendly Fire
Ixalan,Wily Goblin
Ixalan,Ancient Brontodon
Ixalan,Atzocan Archer
Ixalan,Blinding Fog
Ixalan,Blossom Dryad
Ixalan,Carnage Tyrant
Ixalan,Colossal Dreadmaw
Ixalan,Commune with Dinosaurs
Ixalan,Crash the Ramparts
Ixalan,Crushing Canopy
Ixalan,Deathgorge Scavenger
Ixalan,Deeproot Champion
Ixalan,Deeproot Warrior
Ixalan,Drover of the Mighty
Ixalan,Emergent Growth
Ixalan,Emperor's Vanguard
Ixalan,Grazing Whiptail
Ixalan,Ixalli's Diviner
Ixalan,Ixalli's Keeper
Ixalan,Jade Guardian
Ixalan,Jungle Delver
Ixalan,Kumena's Speaker
Ixalan,Merfolk Branchwalker
Ixalan,New Horizons
Ixalan,Old-Growth Dryads
Ixalan,Pounce
Ixalan,Ranging Raptors
Ixalan,Ravenous Daggertooth
Ixalan,Ripjaw Raptor
Ixalan,River Heralds' Boon
Ixalan,Savage Stomp
Ixalan,Shapers' Sanctuary
Ixalan,Slice in Twain
Ixalan,Snapping Sailback
Ixalan,Spike-Tailed Ceratops
Ixalan,Thundering Spineback
Ixalan,Tishana's Wayfinder
Ixalan,Verdant Rebirth
Ixalan,Verdant Sun's Avatar
Ixalan,Vineshaper Mystic
Ixalan,Waker of the Wilds
Ixalan,Wildgrowth Walker
Ixalan,Admiral Beckett Brass
Ixalan,Belligerent Brontodon
Ixalan,Call to the Feast
Ixalan,Deadeye Plunderers
Ixalan,Dire Fleet Captain
Ixalan,"Gishath, Sun's Avatar"
Ixalan,Hostage Taker
Ixalan,"Huatli, Warrior Poet"
Ixalan,Marauding Looter
Ixalan,Raging Swordtooth
Ixalan,Regisaur Alpha
Ixalan,Shapers of Nature
Ixalan,Sky Terror
Ixalan,"Tishana, Voice of Thunder"
Ixalan,"Vona, Butcher of Magan"
Ixalan,"Vraska, Relic Seeker"
Ixalan,Cobbled Wings
Ixalan,Dusk Legion Dreadnought
Ixalan,Elaborate Firecannon
Ixalan,Fell Flagship
Ixalan,Gilded Sentinel
Ixalan,Hierophant's Chalice
Ixalan,Pillar of Origins
Ixalan,Pirate's Cutlass
Ixalan,Prying Blade
Ixalan,Sentinel Totem
Ixalan,Shadowed Caravel
Ixalan,Sleek Schooner
Ixalan,Sorcerous Spyglass
Ixalan,Vanquisher's Banner
Ixalan,Dragonskull Summit
Ixalan,Drowned Catacomb
Ixalan,Field of Ruin
Ixalan,Glacial Fortress
Ixalan,Rootbound Crag
Ixalan,Sunpetal Grove
Ixalan,Unclaimed Territory
Ixalan,Unknown Shores
Ixalan,Plains
Ixalan,Plains
Ixalan,Plains
Ixalan,Plains
Ixalan,Island
Ixalan,Island
Ixalan,Island
Ixalan,Island
Ixalan,Swamp
Ixalan,Swamp
Ixalan,Swamp
Ixalan,Swamp
Ixalan,Mountain
Ixalan,Mountain
Ixalan,Mountain
Ixalan,Mountain
Ixalan,Forest
Ixalan,Forest
Ixalan,Forest
Ixalan,Forest
Ixalan,"Jace, Ingenious Mind-Mage"
Ixalan,Castaway's Despair
Ixalan,Grasping Current
Ixalan,Jace's Sentinel
Ixalan,Woodland Stream
Ixalan,"Huatli, Dinosaur Knight"
Ixalan,Huatli's Snubhorn
Ixalan,Huatli's Spurring
Ixalan,Sun-Blessed Mount
Ixalan,Stone Quarry
Ravnica Allegiance,Angel of Grace
Ravnica Allegiance,Angelic Exaltation
Ravnica Allegiance,Archway Angel
Ravnica Allegiance,Arrester's Zeal
Ravnica Allegiance,Bring to Trial
Ravnica Allegiance,Civic Stalwart
Ravnica Allegiance,Concordia Pegasus
Ravnica Allegiance,Expose to Daylight
Ravnica Allegiance,Forbidding Spirit
Ravnica Allegiance,Haazda Officer
Ravnica Allegiance,Hero of Precinct One
Ravnica Allegiance,Impassioned Orator
Ravnica Allegiance,Justiciar's Portal
Ravnica Allegiance,Knight of Sorrows
Ravnica Allegiance,Lumbering Battlement
Ravnica Allegiance,Ministrant of Obligation
Ravnica Allegiance,Prowling Caracal
Ravnica Allegiance,Rally to Battle
Ravnica Allegiance,Resolute Watchdog
Ravnica Allegiance,Sentinel's Mark
Ravnica Allegiance,Sky Tether
Ravnica Allegiance,Smothering Tithe
Ravnica Allegiance,Spirit of the Spires
Ravnica Allegiance,Summary Judgment
Ravnica Allegiance,Syndicate Messenger
Ravnica Allegiance,Tenth District Veteran
Ravnica Allegiance,Tithe Taker
Ravnica Allegiance,Twilight Panther
Ravnica Allegiance,Unbreakable Formation
Ravnica Allegiance,Watchful Giant
Ravnica Allegiance,Arrester's Admonition
Ravnica Allegiance,Benthic Biomancer
Ravnica Allegiance,Chillbringer
Ravnica Allegiance,Clear the Mind
Ravnica Allegiance,Code of Constraint
Ravnica Allegiance,Coral Commando
Ravnica Allegiance,Essence Capture
Ravnica Allegiance,Eyes Everywhere
Ravnica Allegiance,Faerie Duelist
Ravnica Allegiance,Gateway Sneak
Ravnica Allegiance,Humongulus
Ravnica Allegiance,Mass Manipulation
Ravnica Allegiance,Mesmerizing Benthid
Ravnica Allegiance,Persistent Petitioners
Ravnica Allegiance,Precognitive Perception
Ravnica Allegiance,Prying Eyes
Ravnica Allegiance,Pteramander
Ravnica Allegiance,Sage's Row Savant
Ravnica Allegiance,Senate Courier
Ravnica Allegiance,Shimmer of Possibility
Ravnica Allegiance,Skatewing Spy
Ravnica Allegiance,Skitter Eel
Ravnica Allegiance,Slimebind
Ravnica Allegiance,Sphinx of Foresight
Ravnica Allegiance,Swirling Torrent
Ravnica Allegiance,Thought Collapse
Ravnica Allegiance,Verity Circle
Ravnica Allegiance,Wall of Lost Thoughts
Ravnica Allegiance,Windstorm Drake
Ravnica Allegiance,Awaken the Erstwhile
Ravnica Allegiance,Bankrupt in Blood
Ravnica Allegiance,Blade Juggler
Ravnica Allegiance,Bladebrand
Ravnica Allegiance,Bloodmist Infiltrator
Ravnica Allegiance,Carrion Imp
Ravnica Allegiance,Catacomb Crocodile
Ravnica Allegiance,Clear the Stage
Ravnica Allegiance,Consign to the Pit
Ravnica Allegiance,Cry of the Carnarium
Ravnica Allegiance,Dead Revels
Ravnica Allegiance,Debtors' Transport
Ravnica Allegiance,Drill Bit
Ravnica Allegiance,Font of Agonies
Ravnica Allegiance,Grotesque Demise
Ravnica Allegiance,Gutterbones
Ravnica Allegiance,Ill-Gotten Inheritance
Ravnica Allegiance,Noxious Groodion
Ravnica Allegiance,Orzhov Enforcer
Ravnica Allegiance,Orzhov Racketeers
Ravnica Allegiance,Pestilent Spirit
Ravnica Allegiance,Plague Wight
Ravnica Allegiance,Priest of Forgotten Gods
Ravnica Allegiance,Rakdos Trumpeter
Ravnica Allegiance,Spawn of Mayhem
Ravnica Allegiance,Spire Mangler
Ravnica Allegiance,Thirsting Shade
Ravnica Allegiance,Undercity Scavenger
Ravnica Allegiance,Undercity's Embrace
Ravnica Allegiance,Vindictive Vampire
Ravnica Allegiance,Act of Treason
Ravnica Allegiance,Amplifire
Ravnica Allegiance,Burn Bright
Ravnica Allegiance,Burning-Tree Vandal
Ravnica Allegiance,Cavalcade of Calamity
Ravnica Allegiance,Clamor Shaman
Ravnica Allegiance,Dagger Caster
Ravnica Allegiance,Deface
Ravnica Allegiance,Electrodominance
Ravnica Allegiance,Feral Maaka
Ravnica Allegiance,Flames of the Raze-Boar
Ravnica Allegiance,Gates Ablaze
Ravnica Allegiance,Ghor-Clan Wrecker
Ravnica Allegiance,Goblin Gathering
Ravnica Allegiance,Gravel-Hide Goblin
Ravnica Allegiance,Immolation Shaman
Ravnica Allegiance,Light Up the Stage
Ravnica Allegiance,Mirror March
Ravnica Allegiance,Rix Maadi Reveler
Ravnica Allegiance,Rubble Reading
Ravnica Allegiance,Rubblebelt Recluse
Ravnica Allegiance,Rumbling Ruin
Ravnica Allegiance,Scorchmark
Ravnica Allegiance,Skarrgan Hellkite
Ravnica Allegiance,Skewer the Critics
Ravnica Allegiance,Smelt-Ward Ignus
Ravnica Allegiance,Spear Spewer
Ravnica Allegiance,Spikewheel Acrobat
Ravnica Allegiance,Storm Strike
Ravnica Allegiance,Tin Street Dodger
Ravnica Allegiance,Axebane Beast
Ravnica Allegiance,Biogenic Ooze
Ravnica Allegiance,Biogenic Upgrade
Ravnica Allegiance,End-Raze Forerunners
Ravnica Allegiance,Enraged Ceratok
Ravnica Allegiance,Gatebreaker Ram
Ravnica Allegiance,Gift of Strength
Ravnica Allegiance,Growth-Chamber Guardian
Ravnica Allegiance,Gruul Beastmaster
Ravnica Allegiance,Guardian Project
Ravnica Allegiance,Incubation Druid
Ravnica Allegiance,Mammoth Spider
Ravnica Allegiance,Open the Gates
Ravnica Allegiance,Rampage of the Clans
Ravnica Allegiance,Rampaging Rendhorn
Ravnica Allegiance,Regenesis
Ravnica Allegiance,Root Snare
Ravnica Allegiance,Sagittars' Volley
Ravnica Allegiance,Saruli Caretaker
Ravnica Allegiance,Sauroform Hybrid
Ravnica Allegiance,Silhana Wayfinder
Ravnica Allegiance,Steeple Creeper
Ravnica Allegiance,Stony Strength
Ravnica Allegiance,Sylvan Brushstrider
Ravnica Allegiance,Territorial Boar
Ravnica Allegiance,Titanic Brawl
Ravnica Allegiance,Tower Defense
Ravnica Allegiance,Trollbred Guardian
Ravnica Allegiance,Wilderness Reclamation
Ravnica Allegiance,Wrecking Beast
Ravnica Allegiance,Absorb
Ravnica Allegiance,Aeromunculus
Ravnica Allegiance,Applied Biomancy
Ravnica Allegiance,Azorius Knight-Arbiter
Ravnica Allegiance,Azorius Skyguard
Ravnica Allegiance,Basilica Bell-Haunt
Ravnica Allegiance,Bedevil
Ravnica Allegiance,Biomancer's Familiar
Ravnica Allegiance,Bolrac-Clan Crusher
Ravnica Allegiance,Captive Audience
Ravnica Allegiance,Cindervines
Ravnica Allegiance,Clan Guildmage
Ravnica Allegiance,Combine Guildmage
Ravnica Allegiance,Cult Guildmage
Ravnica Allegiance,Deputy of Detention
Ravnica Allegiance,"Domri, Chaos Bringer"
Ravnica Allegiance,"Dovin, Grand Arbiter"
Ravnica Allegiance,Dovin's Acuity
Ravnica Allegiance,Emergency Powers
Ravnica Allegiance,Ethereal Absolution
Ravnica Allegiance,Final Payment
Ravnica Allegiance,Fireblade Artist
Ravnica Allegiance,Frenzied Arynx
Ravnica Allegiance,Frilled Mystic
Ravnica Allegiance,Galloping Lizrog
Ravnica Allegiance,Get the Point
Ravnica Allegiance,Grasping Thrull
Ravnica Allegiance,Growth Spiral
Ravnica Allegiance,Gruul Spellbreaker
Ravnica Allegiance,Gyre Engineer
Ravnica Allegiance,Hackrobat
Ravnica Allegiance,High Alert
Ravnica Allegiance,Hydroid Krasis
Ravnica Allegiance,Imperious Oligarch
Ravnica Allegiance,"Judith, the Scourge Diva"
Ravnica Allegiance,"Kaya, Orzhov Usurper"
Ravnica Allegiance,Kaya's Wrath
Ravnica Allegiance,Knight of the Last Breath
Ravnica Allegiance,"Lavinia, Azorius Renegade"
Ravnica Allegiance,Lawmage's Binding
Ravnica Allegiance,Macabre Mockery
Ravnica Allegiance,Mortify
Ravnica Allegiance,Nikya of the Old Ways
Ravnica Allegiance,Pitiless Pontiff
Ravnica Allegiance,Prime Speaker Vannifar
Ravnica Allegiance,Rafter Demon
Ravnica Allegiance,Rakdos Firewheeler
Ravnica Allegiance,Rakdos Roustabout
Ravnica Allegiance,"Rakdos, the Showstopper"
Ravnica Allegiance,Ravager Wurm
Ravnica Allegiance,Rhythm of the Wild
Ravnica Allegiance,Rubblebelt Runner
Ravnica Allegiance,Savage Smash
Ravnica Allegiance,Senate Guildmage
Ravnica Allegiance,Seraph of the Scales
Ravnica Allegiance,Sharktocrab
Ravnica Allegiance,Simic Ascendancy
Ravnica Allegiance,Sphinx of New Prahv
Ravnica Allegiance,Sphinx's Insight
Ravnica Allegiance,Sunder Shaman
Ravnica Allegiance,Syndicate Guildmage
Ravnica Allegiance,Teysa Karlov
Ravnica Allegiance,Theater of Horrors
Ravnica Allegiance,"Zegana, Utopian Speaker"
Ravnica Allegiance,Zhur-Taa Goblin
Ravnica Allegiance,Footlight Fiend
Ravnica Allegiance,Rubble Slinger
Ravnica Allegiance,Scuttlegator
Ravnica Allegiance,Senate Griffin
Ravnica Allegiance,Vizkopa Vampire
Ravnica Allegiance,Azorius Locket
Ravnica Allegiance,Gate Colossus
Ravnica Allegiance,Glass of the Guildpact
Ravnica Allegiance,Gruul Locket
Ravnica Allegiance,Junktroller
Ravnica Allegiance,Orzhov Locket
Ravnica Allegiance,Rakdos Locket
Ravnica Allegiance,Screaming Shield
Ravnica Allegiance,Simic Locket
Ravnica Allegiance,Sphinx of the Guildpact
Ravnica Allegiance,Tome of the Guildpact
Ravnica Allegiance,Azorius Guildgate
Ravnica Allegiance,Azorius Guildgate
Ravnica Allegiance,Blood Crypt
Ravnica Allegiance,Breeding Pool
Ravnica Allegiance,Gateway Plaza
Ravnica Allegiance,Godless Shrine
Ravnica Allegiance,Gruul Guildgate
Ravnica Allegiance,Gruul Guildgate
Ravnica Allegiance,Hallowed Fountain
Ravnica Allegiance,Orzhov Guildgate
Ravnica Allegiance,Orzhov Guildgate
Ravnica Allegiance,Plaza of Harmony
Ravnica Allegiance,Rakdos Guildgate
Ravnica Allegiance,Rakdos Guildgate
Ravnica Allegiance,Simic Guildgate
Ravnica Allegiance,Simic Guildgate
Ravnica Allegiance,Stomping Ground
Ravnica Allegiance,Plains
Ravnica Allegiance,Island
Ravnica Allegiance,Swamp
Ravnica Allegiance,Mountain
Ravnica Allegiance,Forest
Ravnica Allegiance,"Dovin, Architect of Law"
Ravnica Allegiance,Elite Arrester
Ravnica Allegiance,Dovin's Dismissal
Ravnica Allegiance,Dovin's Automaton
Ravnica Allegiance,"Domri, City Smasher"
Ravnica Allegiance,Ragefire
Ravnica Allegiance,Charging War Boar
Ravnica Allegiance,Domri's Nodorog
Ravnica Allegiance,The Haunt of Hightower
Theros Beyond Death,Archon of Falling Stars
Theros Beyond Death,Archon of Sun's Grace
Theros Beyond Death,Banishing Light
Theros Beyond Death,The Birth of Meletis
Theros Beyond Death,Captivating Unicorn
Theros Beyond Death,Commanding Presence
Theros Beyond Death,Dawn Evangel
Theros Beyond Death,"Daxos, Blessed by the Sun"
Theros Beyond Death,Daybreak Chimera
Theros Beyond Death,Dreadful Apathy
Theros Beyond Death,Elspeth Conquers Death
Theros Beyond Death,Favored of Iroas
Theros Beyond Death,Flicker of Fate
Theros Beyond Death,Glory Bearers
Theros Beyond Death,Heliod's Pilgrim
Theros Beyond Death,Heliod's Punishment
Theros Beyond Death,Hero of the Pride
Theros Beyond Death,Hero of the Winds
Theros Beyond Death,Indomitable Will
Theros Beyond Death,Karametra's Blessing
Theros Beyond Death,Lagonna-Band Storyteller
Theros Beyond Death,Leonin of the Lost Pride
Theros Beyond Death,Nyxborn Courser
Theros Beyond Death,Omen of the Sun
Theros Beyond Death,Phalanx Tactics
Theros Beyond Death,Pious Wayfarer
Theros Beyond Death,Reverent Hoplite
Theros Beyond Death,Revoke Existence
Theros Beyond Death,Rumbling Sentry
Theros Beyond Death,Sentinel's Eyes
Theros Beyond Death,Shatter the Sky
Theros Beyond Death,Sunmane Pegasus
Theros Beyond Death,"Taranika, Akroan Veteran"
Theros Beyond Death,Transcendent Envoy
Theros Beyond Death,Triumphant Surge
Theros Beyond Death,"Alirios, Enraptured"
Theros Beyond Death,Ashiok's Erasure
Theros Beyond Death,Brine Giant
Theros Beyond Death,"Callaphe, Beloved of the Sea"
Theros Beyond Death,Chain to Memory
Theros Beyond Death,Deny the Divine
Theros Beyond Death,Eidolon of Philosophy
Theros Beyond Death,Elite Instructor
Theros Beyond Death,Glimpse of Freedom
Theros Beyond Death,Ichthyomorphosis
Theros Beyond Death,Kiora Bests the Sea God
Theros Beyond Death,Medomai's Prophecy
Theros Beyond Death,Memory Drain
Theros Beyond Death,Nadir Kraken
Theros Beyond Death,Naiad of Hidden Coves
Theros Beyond Death,Nyxborn Seaguard
Theros Beyond Death,Omen of the Sea
Theros Beyond Death,One with the Stars
Theros Beyond Death,Protean Thaumaturge
Theros Beyond Death,Riptide Turtle
Theros Beyond Death,Sage of Mysteries
Theros Beyond Death,Sea God's Scorn
Theros Beyond Death,Shimmerwing Chimera
Theros Beyond Death,Shoal Kraken
Theros Beyond Death,Sleep of the Dead
Theros Beyond Death,Starlit Mantle
Theros Beyond Death,Stern Dismissal
Theros Beyond Death,Stinging Lionfish
Theros Beyond Death,Sweet Oblivion
Theros Beyond Death,"Thassa, Deep-Dwelling"
Theros Beyond Death,Thassa's Intervention
Theros Beyond Death,Thassa's Oracle
Theros Beyond Death,Thirst for Meaning
Theros Beyond Death,Threnody Singer
Theros Beyond Death,"Thryx, the Sudden Storm"
Theros Beyond Death,Towering-Wave Mystic
Theros Beyond Death,Triton Waverider
Theros Beyond Death,Vexing Gull
Theros Beyond Death,Wavebreak Hippocamp
Theros Beyond Death,Whirlwind Denial
Theros Beyond Death,Witness of Tomorrows
Theros Beyond Death,Agonizing Remorse
Theros Beyond Death,"Aphemia, the Cacophony"
Theros Beyond Death,Aspect of Lamprey
Theros Beyond Death,Blight-Breath Catoblepas
Theros Beyond Death,Cling to Dust
Theros Beyond Death,Discordant Piper
Theros Beyond Death,Drag to the Underworld
Theros Beyond Death,Eat to Extinction
Theros Beyond Death,Elspeth's Nightmare
Theros Beyond Death,Enemy of Enlightenment
Theros Beyond Death,"Erebos, Bleak-Hearted"
Theros Beyond Death,Erebos's Intervention
Theros Beyond Death,Final Death
Theros Beyond Death,Fruit of Tizerus
Theros Beyond Death,Funeral Rites
Theros Beyond Death,Gravebreaker Lamia
Theros Beyond Death,Gray Merchant of Asphodel
Theros Beyond Death,Grim Physician
Theros Beyond Death,Hateful Eidolon
Theros Beyond Death,Inevitable End
Theros Beyond Death,Lampad of Death's Vigil
Theros Beyond Death,Minion's Return
Theros Beyond Death,Mire Triton
Theros Beyond Death,Mire's Grasp
Theros Beyond Death,Mogis's Favor
Theros Beyond Death,Nyxborn Marauder
Theros Beyond Death,Omen of the Dead
Theros Beyond Death,Pharika's Libation
Theros Beyond Death,Pharika's Spawn
Theros Beyond Death,Rage-Scarred Berserker
Theros Beyond Death,Scavenging Harpy
Theros Beyond Death,Soulreaper of Mogis
Theros Beyond Death,Temple Thief
Theros Beyond Death,Tymaret Calls the Dead
Theros Beyond Death,Underworld Charger
Theros Beyond Death,Underworld Dreams
Theros Beyond Death,Venomous Hierophant
Theros Beyond Death,The Akroan War
Theros Beyond Death,Arena Trickster
Theros Beyond Death,Aspect of Manticore
Theros Beyond Death,Blood Aspirant
Theros Beyond Death,Careless Celebrant
Theros Beyond Death,Dreamshaper Shaman
Theros Beyond Death,Dreamstalker Manticore
Theros Beyond Death,Escape Velocity
Theros Beyond Death,Fateful End
Theros Beyond Death,Final Flare
Theros Beyond Death,Flummoxed Cyclops
Theros Beyond Death,Furious Rise
Theros Beyond Death,Hero of the Games
Theros Beyond Death,Heroes of the Revel
Theros Beyond Death,Impending Doom
Theros Beyond Death,Incendiary Oracle
Theros Beyond Death,Infuriate
Theros Beyond Death,Iroas's Blessing
Theros Beyond Death,Irreverent Revelers
Theros Beyond Death,Nyxborn Brute
Theros Beyond Death,Omen of the Forge
Theros Beyond Death,Oread of Mountain's Blaze
Theros Beyond Death,Portent of Betrayal
Theros Beyond Death,Satyr's Cunning
Theros Beyond Death,Skophos Maze-Warden
Theros Beyond Death,Skophos Warleader
Theros Beyond Death,Stampede Rider
Theros Beyond Death,The Triumph of Anax
Theros Beyond Death,Underworld Fires
Theros Beyond Death,Underworld Rage-Hound
Theros Beyond Death,Wrap in Flames
Theros Beyond Death,The Binding of the Titans
Theros Beyond Death,Chainweb Aracnir
Theros Beyond Death,Destiny Spinner
Theros Beyond Death,The First Iroan Games
Theros Beyond Death,Gift of Strength
Theros Beyond Death,Hydra's Growth
Theros Beyond Death,Hyrax Tower Scout
Theros Beyond Death,Ilysian Caryatid
Theros Beyond Death,Inspire Awe
Theros Beyond Death,Klothys's Design
Theros Beyond Death,Loathsome Chimera
Theros Beyond Death,Moss Viper
Theros Beyond Death,Mystic Repeal
Theros Beyond Death,Nessian Hornbeetle
Theros Beyond Death,Nessian Wanderer
Theros Beyond Death,Nexus Wardens
Theros Beyond Death,Nylea's Forerunner
Theros Beyond Death,Nylea's Huntmaster
Theros Beyond Death,Nyx Herald
Theros Beyond Death,Nyxborn Colossus
Theros Beyond Death,Omen of the Hunt
Theros Beyond Death,Pheres-Band Brawler
Theros Beyond Death,Plummet
Theros Beyond Death,Relentless Pursuit
Theros Beyond Death,Return to Nature
Theros Beyond Death,Setessan Petitioner
Theros Beyond Death,Setessan Skirmisher
Theros Beyond Death,Setessan Training
Theros Beyond Death,Skola Grovedancer
Theros Beyond Death,Voracious Typhon
Theros Beyond Death,Warbriar Blessing
Theros Beyond Death,Acolyte of Affliction
Theros Beyond Death,Devourer of Memory
Theros Beyond Death,Eutropia the Twice-Favored
Theros Beyond Death,Hero of the Nyxborn
Theros Beyond Death,Mischievous Chimera
Theros Beyond Death,Rise to Glory
Theros Beyond Death,"Siona, Captain of the Pyleas"
Theros Beyond Death,Slaughter-Priest of Mogis
Theros Beyond Death,Staggering Insight
Theros Beyond Death,Warden of the Chained
Theros Beyond Death,Altar of the Pantheon
Theros Beyond Death,Bronze Sword
Theros Beyond Death,Entrancing Lyre
Theros Beyond Death,Mirror Shield
Theros Beyond Death,Soul-Guide Lantern
Theros Beyond Death,Thaumaturge's Familiar
Theros Beyond Death,Thundering Chariot
Theros Beyond Death,Traveler's Amulet
Theros Beyond Death,Wings of Hubris
Theros Beyond Death,Field of Ruin
Theros Beyond Death,Temple of Abandon
Theros Beyond Death,Temple of Deceit
Theros Beyond Death,Unknown Shores
Theros Beyond Death,Plains
Theros Beyond Death,Island
Theros Beyond Death,Swamp
Theros Beyond Death,Mountain
Theros Beyond Death,Forest
Theros Beyond Death,"Daxos, Blessed by the Sun"
Theros Beyond Death,"Callaphe, Beloved of the Sea"
Theros Beyond Death,"Thassa, Deep-Dwelling"
Theros Beyond Death,"Erebos, Bleak-Hearted"
Theros Beyond Death,"Athreos, Shroud-Veiled"
Theros Beyond Death,"Elspeth, Undaunted Hero"
Theros Beyond Death,Eidolon of Inspiration
Theros Beyond Death,Elspeth's Devotee
Theros Beyond Death,Sunlit Hoplite
Theros Beyond Death,"Ashiok, Sculptor of Fears"
Theros Beyond Death,Swimmer in Nightmares
Theros Beyond Death,Mindwrack Harpy
Theros Beyond Death,Ashiok's Forerunner
Theros Beyond Death,Plains
Theros Beyond Death,Plains
Theros Beyond Death,Island
Theros Beyond Death,Island
Theros Beyond Death,Swamp
Theros Beyond Death,Swamp
Theros Beyond Death,Mountain
Theros Beyond Death,Mountain
Theros Beyond Death,Forest
Theros Beyond Death,Forest
Theros Beyond Death,Grasping Giant
Theros Beyond Death,Victory's Envoy
Theros Beyond Death,Sphinx Mindbreaker
Theros Beyond Death,Serpent of Yawning Depths
Theros Beyond Death,Demon of Loathing
Theros Beyond Death,Underworld Sentinel
Theros Beyond Death,Deathbellow War Cry
Theros Beyond Death,Terror of Mount Velus
Theros Beyond Death,Ironscale Hydra
Theros Beyond Death,Treeshaker Chimera
Theros Beyond Death,Archon of Sun's Grace
Theros Beyond Death,Shatter the Sky
Theros Beyond Death,"Taranika, Akroan Veteran"
Theros Beyond Death,Ashiok's Erasure
Theros Beyond Death,Nadir Kraken
Theros Beyond Death,Protean Thaumaturge
Theros Beyond Death,Thassa's Intervention
Theros Beyond Death,Thassa's Oracle
Theros Beyond Death,"Thryx, the Sudden Storm"
Theros Beyond Death,Wavebreak Hippocamp
Theros Beyond Death,"Aphemia, the Cacophony"
Theros Beyond Death,Eat to Extinction
Theros Beyond Death,Erebos's Intervention
Theros Beyond Death,Gravebreaker Lamia
Theros Beyond Death,Temple of Abandon
Theros Beyond Death,Temple of Abandon
Theros Beyond Death,Temple of Deceit
Theros Beyond Death,Thirst for Meaning
Theros Beyond Death,Gray Merchant of Asphodel
Throne of Eldraine,All That Glitters
Throne of Eldraine,Archon of Absolution
Throne of Eldraine,Ardenvale Paladin
Throne of Eldraine,Beloved Princess
Throne of Eldraine,Deafening Silence
Throne of Eldraine,Flutterfox
Throne of Eldraine,Fortifying Provisions
Throne of Eldraine,Knight of the Keep
Throne of Eldraine,Mysterious Pathlighter
Throne of Eldraine,Outflank
Throne of Eldraine,Prized Griffin
Throne of Eldraine,Rally for the Throne
Throne of Eldraine,Silverflame Ritual
Throne of Eldraine,"Syr Alin, the Lion's Claw"
Throne of Eldraine,Trapped in the Tower
Throne of Eldraine,True Love's Kiss
Throne of Eldraine,Venerable Knight
Throne of Eldraine,Youthful Knight
Throne of Eldraine,Charmed Sleep
Throne of Eldraine,Corridor Monitor
Throne of Eldraine,Didn't Say Please
Throne of Eldraine,Faerie Vandal
Throne of Eldraine,Frogify
Throne of Eldraine,Into the Story
Throne of Eldraine,Mantle of Tides
Throne of Eldraine,Mistford River Turtle
Throne of Eldraine,Moonlit Scavengers
Throne of Eldraine,Opt
Throne of Eldraine,Overwhelmed Apprentice
Throne of Eldraine,Run Away Together
Throne of Eldraine,Sage of the Falls
Throne of Eldraine,So Tiny
Throne of Eldraine,Steelgaze Griffin
Throne of Eldraine,Tome Raider
Throne of Eldraine,Turn into a Pumpkin
Throne of Eldraine,Unexplained Vision
Throne of Eldraine,Vantress Paladin
Throne of Eldraine,Witching Well
Throne of Eldraine,Bake into a Pie
Throne of Eldraine,Barrow Witches
Throne of Eldraine,Belle of the Brawl
Throne of Eldraine,Bog Naughty
Throne of Eldraine,Cauldron Familiar
Throne of Eldraine,Cauldron's Gift
Throne of Eldraine,Epic Downfall
Throne of Eldraine,Eye Collector
Throne of Eldraine,Festive Funeral
Throne of Eldraine,Foreboding Fruit
Throne of Eldraine,Forever Young
Throne of Eldraine,Giant's Skewer
Throne of Eldraine,Lash of Thorns
Throne of Eldraine,Locthwain Paladin
Throne of Eldraine,Lost Legion
Throne of Eldraine,Malevolent Noble
Throne of Eldraine,Memory Theft
Throne of Eldraine,Reave Soul
Throne of Eldraine,Revenge of Ravens
Throne of Eldraine,Specter's Shriek
Throne of Eldraine,"Syr Konrad, the Grim"
Throne of Eldraine,Tempting Witch
Throne of Eldraine,Wicked Guardian
Throne of Eldraine,Barge In
Throne of Eldraine,Bloodhaze Wolverine
Throne of Eldraine,Brimstone Trebuchet
Throne of Eldraine,Burning-Yard Trainer
Throne of Eldraine,Claim the Firstborn
Throne of Eldraine,Crystal Slipper
Throne of Eldraine,Embereth Paladin
Throne of Eldraine,Ferocity of the Wilds
Throne of Eldraine,Fling
Throne of Eldraine,Joust
Throne of Eldraine,Mad Ratter
Throne of Eldraine,Ogre Errant
Throne of Eldraine,Raging Redcap
Throne of Eldraine,Redcap Melee
Throne of Eldraine,Redcap Raiders
Throne of Eldraine,Scorching Dragonfire
Throne of Eldraine,Searing Barrage
Throne of Eldraine,Seven Dwarves
Throne of Eldraine,Skullknocker Ogre
Throne of Eldraine,"Syr Carah, the Bold"
Throne of Eldraine,Weaselback Redcap
Throne of Eldraine,Edgewall Innkeeper
Throne of Eldraine,Fell the Pheasant
Throne of Eldraine,Fierce Witchstalker
Throne of Eldraine,Garenbrig Paladin
Throne of Eldraine,Garenbrig Squire
Throne of Eldraine,Giant Opportunity
Throne of Eldraine,Insatiable Appetite
Throne of Eldraine,Keeper of Fables
Throne of Eldraine,Maraleaf Rider
Throne of Eldraine,Oakhame Adversary
Throne of Eldraine,Once and Future
Throne of Eldraine,Outmuscle
Throne of Eldraine,Return of the Wildspeaker
Throne of Eldraine,Return to Nature
Throne of Eldraine,Sporecap Spider
Throne of Eldraine,"Syr Faren, the Hengehammer"
Throne of Eldraine,Tall as a Beanstalk
Throne of Eldraine,Trail of Crumbs
Throne of Eldraine,Wildwood Tracker
Throne of Eldraine,Wolf's Quarry
Throne of Eldraine,Drown in the Loch
Throne of Eldraine,"Grumgully, the Generous"
Throne of Eldraine,Maraleaf Pixie
Throne of Eldraine,Savvy Hunter
Throne of Eldraine,Shinechaser
Throne of Eldraine,Steelclaw Lance
Throne of Eldraine,Wandermare
Throne of Eldraine,Wintermoor Commander
Throne of Eldraine,Arcanist's Owl
Throne of Eldraine,Covetous Urge
Throne of Eldraine,Deathless Knight
Throne of Eldraine,Elite Headhunter
Throne of Eldraine,Fireborn Knight
Throne of Eldraine,Loch Dragon
Throne of Eldraine,Rampart Smasher
Throne of Eldraine,Resolute Rider
Throne of Eldraine,Thunderous Snapper
Throne of Eldraine,Clockwork Servant
Throne of Eldraine,Crashing Drawbridge
Throne of Eldraine,Enchanted Carriage
Throne of Eldraine,Gingerbrute
Throne of Eldraine,Golden Egg
Throne of Eldraine,Henge Walker
Throne of Eldraine,Heraldic Banner
Throne of Eldraine,Inquisitive Puppet
Throne of Eldraine,Jousting Dummy
Throne of Eldraine,Locthwain Gargoyle
Throne of Eldraine,Lucky Clover
Throne of Eldraine,Prophet of the Peak
Throne of Eldraine,Roving Keep
Throne of Eldraine,Scalding Cauldron
Throne of Eldraine,Shambling Suit
Throne of Eldraine,Signpost Scarecrow
Throne of Eldraine,Sorcerous Spyglass
Throne of Eldraine,Spinning Wheel
Throne of Eldraine,Weapon Rack
Throne of Eldraine,Witch's Oven
Throne of Eldraine,Gingerbread Cabin
Throne of Eldraine,Idyllic Grange
Throne of Eldraine,Mystic Sanctuary
Throne of Eldraine,Tournament Grounds
Throne of Eldraine,Witch's Cottage
Throne of Eldraine,Plains
Throne of Eldraine,Plains
Throne of Eldraine,Plains
Throne of Eldraine,Plains
Throne of Eldraine,Island
Throne of Eldraine,Island
Throne of Eldraine,Island
Throne of Eldraine,Island
Throne of Eldraine,Swamp
Throne of Eldraine,Swamp
Throne of Eldraine,Swamp
Throne of Eldraine,Swamp
Throne of Eldraine,Mountain
Throne of Eldraine,Mountain
Throne of Eldraine,Mountain
Throne of Eldraine,Mountain
Throne of Eldraine,Forest
Throne of Eldraine,Forest
Throne of Eldraine,Forest
Throne of Eldraine,Forest
Throne of Eldraine,"Kenrith, the Returned King"
Throne of Eldraine,"Rowan, Fearless Sparkmage"
Throne of Eldraine,Garrison Griffin
Throne of Eldraine,Rowan's Battleguard
Throne of Eldraine,Rowan's Stalwarts
Throne of Eldraine,Wind-Scarred Crag
Throne of Eldraine,"Oko, the Trickster"
Throne of Eldraine,Oko's Accomplices
Throne of Eldraine,Bramblefort Fink
Throne of Eldraine,Oko's Hospitality
Throne of Eldraine,Mace of the Valiant
Throne of Eldraine,Silverwing Squadron
Throne of Eldraine,Faerie Formation
Throne of Eldraine,Shimmer Dragon
Throne of Eldraine,Workshop Elders
Throne of Eldraine,Chittering Witch
Throne of Eldraine,Taste of Death
Throne of Eldraine,Embereth Skyblazer
Throne of Eldraine,Steelbane Hydra
Throne of Eldraine,Thorn Mammoth
Throne of Eldraine,"Alela, Artful Provocateur"
Throne of Eldraine,Banish into Fable
Throne of Eldraine,Gluttonous Troll
Throne of Eldraine,Knights' Charge
Throne of Eldraine,"Korvold, Fae-Cursed King"
Throne of Eldraine,"Syr Gwyn, Hero of Ashvale"
Throne of Eldraine,Arcane Signet
Throne of Eldraine,Tome of Legends
Throne of Eldraine,Command Tower
Zendikar,Sejiri Refuge
Zendikar,Soaring Seacliff
Zendikar,Teetering Peaks
Zendikar,Turntimber Grove
Zendikar,Plains
Zendikar,Plains
Zendikar,Plains
Zendikar,Plains
Zendikar,Plains
Zendikar,Plains
Zendikar,Plains
Zendikar,Plains
Zendikar,Island
Zendikar,Island
Zendikar,Island
Zendikar,Island
Zendikar,Swamp
Zendikar,Swamp
Zendikar,Swamp
Zendikar,Swamp
Zendikar,Swamp
Zendikar,Swamp
Zendikar,Swamp
Zendikar,Swamp
Zendikar,Mountain
Zendikar,Mountain
Zendikar,Mountain
Zendikar,Mountain
Zendikar,Mountain
Zendikar,Mountain
Zendikar,Mountain
Zendikar,Mountain
Zendikar,Forest
Zendikar,Forest
Zendikar,Forest
Zendikar,Forest
Zendikar,Forest
Zendikar,Forest
Zendikar,Forest
Zendikar,Forest
Zendikar,Quest for Ancient Secrets
Zendikar Rising,Allied Assault
Zendikar Rising,Angel of Destiny
Zendikar Rising,Angelheart Protector
Zendikar Rising,Archon of Emeria
Zendikar Rising,Archpriest of Iona
Zendikar Rising,Attended Healer
Zendikar Rising,Canyon Jerboa
Zendikar Rising,Cliffhaven Sell-Sword
Zendikar Rising,Dauntless Unity
Zendikar Rising,Disenchant
Zendikar Rising,Emeria Captain
Zendikar Rising,Expedition Healer
Zendikar Rising,Farsight Adept
Zendikar Rising,Fearless Fledgling
Zendikar Rising,Felidar Retreat
Zendikar Rising,Journey to Oblivion
Zendikar Rising,Kabira Outrider
Zendikar Rising,Kitesail Cleric
Zendikar Rising,Kor Blademaster
Zendikar Rising,Kor Celebrant
Zendikar Rising,Legion Angel
Zendikar Rising,Luminarch Aspirant
Zendikar Rising,Makindi Ox
Zendikar Rising,Maul of the Skyclaves
Zendikar Rising,Mesa Lynx
Zendikar Rising,Nahiri's Binding
Zendikar Rising,Paired Tactician
Zendikar Rising,Practiced Tactics
Zendikar Rising,Pressure Point
Zendikar Rising,Prowling Felidar
Zendikar Rising,Resolute Strike
Zendikar Rising,Sea Gate Banneret
Zendikar Rising,Shepherd of Heroes
Zendikar Rising,Skyclave Apparition
Zendikar Rising,Squad Commander
Zendikar Rising,Smite the Monstrous
Zendikar Rising,Tazeem Raptor
Zendikar Rising,"Tazri, Beacon of Unity"
Zendikar Rising,Anticognition
Zendikar Rising,Bubble Snare
Zendikar Rising,Cascade Seer
Zendikar Rising,"Charix, the Raging Isle"
Zendikar Rising,Chilling Trap
Zendikar Rising,Cleric of Chill Depths
Zendikar Rising,Concerted Defense
Zendikar Rising,Confounding Conundrum
Zendikar Rising,Coralhelm Chronicler
Zendikar Rising,Cunning Geysermage
Zendikar Rising,Deliberate
Zendikar Rising,Expedition Diviner
Zendikar Rising,Field Research
Zendikar Rising,Glacial Grasp
Zendikar Rising,Inscription of Insight
Zendikar Rising,Into the Roil
Zendikar Rising,"Jace, Mirror Mage"
Zendikar Rising,Living Tempest
Zendikar Rising,Lullmage's Domination
Zendikar Rising,Maddening Cacophony
Zendikar Rising,Master of Winds
Zendikar Rising,Merfolk Falconer
Zendikar Rising,Merfolk Windrobber
Zendikar Rising,Negate
Zendikar Rising,Nimble Trapfinder
Zendikar Rising,Risen Riptide
Zendikar Rising,Roost of Drakes
Zendikar Rising,Ruin Crab
Zendikar Rising,Sea Gate Stormcaller
Zendikar Rising,Seafloor Stalker
Zendikar Rising,Shell Shield
Zendikar Rising,Skyclave Plunder
Zendikar Rising,Skyclave Squid
Zendikar Rising,Sure-Footed Infiltrator
Zendikar Rising,Tazeem Roilmage
Zendikar Rising,Thieving Skydiver
Zendikar Rising,Windrider Wizard
Zendikar Rising,Zulaport Duelist
Zendikar Rising,Acquisitions Expert
Zendikar Rising,Blood Beckoning
Zendikar Rising,Blood Price
Zendikar Rising,Bloodchief's Thirst
Zendikar Rising,Coveted Prize
Zendikar Rising,Deadly Alliance
Zendikar Rising,Demon's Disciple
Zendikar Rising,"Drana, the Last Bloodchief"
Zendikar Rising,Drana's Silencer
Zendikar Rising,Dreadwurm
Zendikar Rising,Expedition Skulker
Zendikar Rising,Feed the Swarm
Zendikar Rising,Ghastly Gloomhunter
Zendikar Rising,Guul Draz Mucklord
Zendikar Rising,Hagra Constrictor
Zendikar Rising,Highborn Vampire
Zendikar Rising,Inscription of Ruin
Zendikar Rising,Lithoform Blight
Zendikar Rising,Malakir Blood-Priest
Zendikar Rising,Marauding Blight-Priest
Zendikar Rising,Mind Carver
Zendikar Rising,Mind Drain
Zendikar Rising,Nighthawk Scavenger
Zendikar Rising,Nimana Skitter-Sneak
Zendikar Rising,Nimana Skydancer
Zendikar Rising,Nullpriest of Oblivion
Zendikar Rising,Oblivion's Hunger
Zendikar Rising,Scion of the Swarm
Zendikar Rising,Scourge of the Skyclaves
Zendikar Rising,Shadow Stinger
Zendikar Rising,Shadows' Verdict
Zendikar Rising,Skyclave Shade
Zendikar Rising,Skyclave Shadowcat
Zendikar Rising,Soul Shatter
Zendikar Rising,Subtle Strike
Zendikar Rising,"Taborax, Hope's Demise"
Zendikar Rising,Thwart the Grave
Zendikar Rising,Vanquish the Weak
Zendikar Rising,Akoum Hellhound
Zendikar Rising,Ardent Electromancer
Zendikar Rising,Cinderclasm
Zendikar Rising,Cleansing Wildfire
Zendikar Rising,Expedition Champion
Zendikar Rising,Fireblade Charger
Zendikar Rising,Fissure Wizard
Zendikar Rising,Goma Fada Vanguard
Zendikar Rising,Grotag Bug-Catcher
Zendikar Rising,Grotag Night-Runner
Zendikar Rising,Inordinate Rage
Zendikar Rising,Kargan Intimidator
Zendikar Rising,Leyline Tyrant
Zendikar Rising,Magmatic Channeler
Zendikar Rising,Molten Blast
Zendikar Rising,"Moraug, Fury of Akoum"
Zendikar Rising,Nahiri's Lithoforming
Zendikar Rising,Pyroclastic Hellion
Zendikar Rising,Relic Robber
Zendikar Rising,Rockslide Sorcerer
Zendikar Rising,Roiling Vortex
Zendikar Rising,Scavenged Blade
Zendikar Rising,Scorch Rider
Zendikar Rising,Shatterskull Charger
Zendikar Rising,Shatterskull Minotaur
Zendikar Rising,Sizzling Barrage
Zendikar Rising,Skyclave Geopede
Zendikar Rising,Sneaking Guide
Zendikar Rising,Spitfire Lagac
Zendikar Rising,Synchronized Spellcraft
Zendikar Rising,Teeterpeak Ambusher
Zendikar Rising,Thundering Rebuke
Zendikar Rising,Thundering Sparkmage
Zendikar Rising,Tormenting Voice
Zendikar Rising,Tuktuk Rubblefort
Zendikar Rising,Valakut Exploration
Zendikar Rising,Wayward Guide-Beast
Zendikar Rising,Adventure Awaits
Zendikar Rising,Ancient Greenwarden
Zendikar Rising,"Ashaya, Soul of the Wild"
Zendikar Rising,Broken Wings
Zendikar Rising,Canopy Baloth
Zendikar Rising,Cragplate Baloth
Zendikar Rising,Dauntless Survivor
Zendikar Rising,Gnarlid Colony
Zendikar Rising,Inscription of Abundance
Zendikar Rising,Iridescent Hornbeetle
Zendikar Rising,Joraga Visionary
Zendikar Rising,Kazandu Nectarpot
Zendikar Rising,Kazandu Stomper
Zendikar Rising,Lotus Cobra
Zendikar Rising,Might of Murasa
Zendikar Rising,Murasa Brute
Zendikar Rising,Murasa Sproutling
Zendikar Rising,Nissa's Zendikon
Zendikar Rising,Oran-Rief Ooze
Zendikar Rising,Rabid Bite
Zendikar Rising,Reclaim the Wastes
Zendikar Rising,Scale the Heights
Zendikar Rising,Scute Swarm
Zendikar Rising,Skyclave Pick-Axe
Zendikar Rising,Springmantle Cleric
Zendikar Rising,Strength of Solidarity
Zendikar Rising,Swarm Shambler
Zendikar Rising,Tajuru Blightblade
Zendikar Rising,Tajuru Paragon
Zendikar Rising,Tajuru Snarecaster
Zendikar Rising,Taunting Arbormage
Zendikar Rising,Territorial Scythecat
Zendikar Rising,Turntimber Ascetic
Zendikar Rising,Vastwood Surge
Zendikar Rising,Veteran Adventurer
Zendikar Rising,Vine Gecko
Zendikar Rising,"Akiri, Fearless Voyager"
Zendikar Rising,Brushfire Elemental
Zendikar Rising,Cleric of Life's Bond
Zendikar Rising,"Grakmaw, Skyclave Ravager"
Zendikar Rising,"Kaza, Roil Chaser"
Zendikar Rising,"Linvala, Shield of Sea Gate"
Zendikar Rising,Lullmage's Familiar
Zendikar Rising,Moss-Pit Skeleton
Zendikar Rising,Murasa Rootgrazer
Zendikar Rising,"Nahiri, Heir of the Ancients"
Zendikar Rising,Nissa of Shadowed Boughs
Zendikar Rising,"Omnath, Locus of Creation"
Zendikar Rising,"Phylath, World Sculptor"
Zendikar Rising,Ravager's Mace
Zendikar Rising,Soaring Thought-Thief
Zendikar Rising,Spoils of Adventure
Zendikar Rising,Umara Mystic
Zendikar Rising,"Verazol, the Split Current"
Zendikar Rising,"Yasharn, Implacable Earth"
Zendikar Rising,"Zagras, Thief of Heartbeats"
Zendikar Rising,"Zareth San, the Trickster"
Zendikar Rising,Cliffhaven Kitesail
Zendikar Rising,Forsaken Monument
Zendikar Rising,Lithoform Engine
Zendikar Rising,Myriad Construct
Zendikar Rising,Relic Amulet
Zendikar Rising,Relic Axe
Zendikar Rising,Relic Golem
Zendikar Rising,Relic Vial
Zendikar Rising,Sea Gate Colossus
Zendikar Rising,Skyclave Relic
Zendikar Rising,Skyclave Sentinel
Zendikar Rising,Spare Supplies
Zendikar Rising,Stonework Packbeast
Zendikar Rising,Utility Knife
Zendikar Rising,Base Camp
Zendikar Rising,Crawling Barrens
Zendikar Rising,Throne of Makindi
Zendikar Rising,Plains
Zendikar Rising,Plains
Zendikar Rising,Plains
Zendikar Rising,Island
Zendikar Rising,Island
Zendikar Rising,Island
Zendikar Rising,Swamp
Zendikar Rising,Swamp
Zendikar Rising,Swamp
Zendikar Rising,Mountain
Zendikar Rising,Mountain
Zendikar Rising,Mountain
Zendikar Rising,Forest
Zendikar Rising,Forest
Zendikar Rising,Forest
Zendikar Rising,"Jace, Mirror Mage"
Zendikar Rising,"Nahiri, Heir of the Ancients"
Zendikar Rising,Nissa of Shadowed Boughs
Zendikar Rising,Canyon Jerboa
Zendikar Rising,Fearless Fledgling
Zendikar Rising,Felidar Retreat
Zendikar Rising,Makindi Ox
Zendikar Rising,Prowling Felidar
Zendikar Rising,Ruin Crab
Zendikar Rising,Skyclave Squid
Zendikar Rising,Dreadwurm
Zendikar Rising,Skyclave Shade
Zendikar Rising,Akoum Hellhound
Zendikar Rising,"Moraug, Fury of Akoum"
Zendikar Rising,Skyclave Geopede
Zendikar Rising,Spitfire Lagac
Zendikar Rising,Valakut Exploration
Zendikar Rising,Canopy Baloth
Zendikar Rising,Kazandu Nectarpot
Zendikar Rising,Lotus Cobra
Zendikar Rising,Scute Swarm
Zendikar Rising,Skyclave Pick-Axe
Zendikar Rising,Territorial Scythecat
Zendikar Rising,Brushfire Elemental
Zendikar Rising,"Omnath, Locus of Creation"
Zendikar Rising,"Phylath, World Sculptor"
Zendikar Rising,Angel of Destiny
Zendikar Rising,Archon of Emeria
Zendikar Rising,Archpriest of Iona
Zendikar Rising,Legion Angel
Zendikar Rising,Luminarch Aspirant
Zendikar Rising,Maul of the Skyclaves
Zendikar Rising,Skyclave Apparition
Zendikar Rising,Squad Commander
Zendikar Rising,"Tazri, Beacon of Unity"
Zendikar Rising,"Charix, the Raging Isle"
Zendikar Rising,Confounding Conundrum
Zendikar Rising,Coralhelm Chronicler
Zendikar Rising,Inscription of Insight
Zendikar Rising,Maddening Cacophony
Zendikar Rising,Master of Winds
Zendikar Rising,Nimble Trapfinder
Zendikar Rising,Sea Gate Stormcaller
Zendikar Rising,Thieving Skydiver
Zendikar Rising,Coveted Prize
Zendikar Rising,"Drana, the Last Bloodchief"
Zendikar Rising,Inscription of Ruin
Zendikar Rising,Nighthawk Scavenger
Zendikar Rising,Nullpriest of Oblivion
Zendikar Rising,Scourge of the Skyclaves
Zendikar Rising,Shadows' Verdict
Zendikar Rising,Soul Shatter
Zendikar Rising,"Taborax, Hope's Demise"
Zendikar Rising,Kargan Intimidator
Zendikar Rising,Leyline Tyrant
Zendikar Rising,Magmatic Channeler
Zendikar Rising,Nahiri's Lithoforming
Zendikar Rising,Relic Robber
Zendikar Rising,Roiling Vortex
Zendikar Rising,Shatterskull Charger
Zendikar Rising,Wayward Guide-Beast
Zendikar Rising,Ancient Greenwarden
Zendikar Rising,"Ashaya, Soul of the Wild"
Zendikar Rising,Cragplate Baloth
Zendikar Rising,Inscription of Abundance
Zendikar Rising,Oran-Rief Ooze
Zendikar Rising,Swarm Shambler
Zendikar Rising,Tajuru Paragon
Zendikar Rising,"Akiri, Fearless Voyager"
Zendikar Rising,"Grakmaw, Skyclave Ravager"
Zendikar Rising,"Kaza, Roil Chaser"
Zendikar Rising,"Linvala, Shield of Sea Gate"
Zendikar Rising,"Verazol, the Split Current"
Zendikar Rising,"Yasharn, Implacable Earth"
Zendikar Rising,"Zagras, Thief of Heartbeats"
Zendikar Rising,"Zareth San, the Trickster"
Zendikar Rising,Forsaken Monument
Zendikar Rising,Lithoform Engine
Zendikar Rising,Myriad Construct
Zendikar Rising,Skyclave Relic
Zendikar Rising,Crawling Barrens
Zendikar Rising,Throne of Makindi
Zendikar Rising,Plains
Zendikar Rising,Island
Zendikar Rising,Swamp
Zendikar Rising,Mountain
Zendikar Rising,Forest
Zendikar Rising,"Charix, the Raging Isle"
Zendikar Rising,Into the Roil
Zendikar Rising,Bloodchief's Thirst
