id,card_name,image_url
1,Angel of Grace,http://gatherer.wizards.com/Handlers/Image.ashx?multiverseid=457145&type=card
2,Angelic Exaltation,http://gatherer.wizards.com/Handlers/Image.ashx?multiverseid=457146&type=card
3,Archway Angel,http://gatherer.wizards.com/Handlers/Image.ashx?multiverseid=457147&type=card
4,Arrester's Zeal,http://gatherer.wizards.com/Handlers/Image.ashx?multiverseid=457148&type=card
5,Bring to Trial,http://gatherer.wizards.com/Handlers/Image.ashx?multiverseid=457149&type=card
6,Civic Stalwart,http://gatherer.wizards.com/Handlers/Image.ashx?multiverseid=457150&type=card
7,Concordia Pegasus,http://gatherer.wizards.com/Handlers/Image.ashx?multiverseid=253558&type=card
8,Expose to Daylight,http://gatherer.wizards.com/Handlers/Image.ashx?multiverseid=457152&type=card
9,Forbidding Spirit,http://gatherer.wizards.com/Handlers/Image.ashx?multiverseid=457153&type=card
10,Haazda Officer,http://gatherer.wizards.com/Handlers/Image.ashx?multiverseid=457154&type=card
11,Hero of Precinct One,http://gatherer.wizards.com/Handlers/Image.ashx?multiverseid=457155&type=card
12,Impassioned Orator,http://gatherer.wizards.com/Handlers/Image.ashx?multiverseid=457156&type=card
13,Justiciar's Portal,http://gatherer.wizards.com/Handlers/Image.ashx?multiverseid=457157&type=card
14,Knight of Sorrows,http://gatherer.wizards.com/Handlers/Image.ashx?multiverseid=457158&type=card
15,Lumbering Battlement,http://gatherer.wizards.com/Handlers/Image.ashx?multiverseid=457159&type=card
16,Ministrant of Obligation,http://gatherer.wizards.com/Handlers/Image.ashx?multiverseid=457160&type=card
17,Prowling Caracal,http://gatherer.wizards.com/Handlers/Image.ashx?multiverseid=457161&type=card
18,Rally to Battle,http://gatherer.wizards.com/Handlers/Image.ashx?multiverseid=457162&type=card
19,Resolute Watchdog,http://gatherer.wizards.com/Handlers/Image.ashx?multiverseid=457163&type=card
20,Sentinel's Mark,http://gatherer.wizards.com/Handlers/Image.ashx?multiverseid=457164&type=card
21,Sky Tether,http://gatherer.wizards.com/Handlers/Image.ashx?multiverseid=457165&type=card
22,Smothering Tithe,http://gatherer.wizards.com/Handlers/Image.ashx?multiverseid=457166&type=card
23,Spirit of the Spires,http://gatherer.wizards.com/Handlers/Image.ashx?multiverseid=457167&type=card
24,Summary Judgment,http://gatherer.wizards.com/Handlers/Image.ashx?multiverseid=457168&type=card
25,Syndicate Messenger,http://gatherer.wizards.com/Handlers/Image.ashx?multiverseid=457169&type=card
26,Tenth District Veteran,http://gatherer.wizards.com/Handlers/Image.ashx?multiverseid=457170&type=card
27,Tithe Taker,http://gatherer.wizards.com/Handlers/Image.ashx?multiverseid=457171&type=card
28,Twilight Panther,http://gatherer.wizards.com/Handlers/Image.ashx?multiverseid=457172&type=card
29,Unbreakable Formation,http://gatherer.wizards.com/Handlers/Image.ashx?multiverseid=457173&type=card
30,Watchful Giant,http://gatherer.wizards.com/Handlers/Image.ashx?multiverseid=457174&type=card
31,Arrester's Admonition,http://gatherer.wizards.com/Handlers/Image.ashx?multiverseid=457175&type=card
32,Benthic Biomancer,http://gatherer.wizards.com/Handlers/Image.ashx?multiverseid=457176&type=card
33,Chillbringer,http://gatherer.wizards.com/Handlers/Image.ashx?multiverseid=457177&type=card
34,Clear the Mind,http://gatherer.wizards.com/Handlers/Image.ashx?multiverseid=457178&type=card
35,Code of Constraint,http://gatherer.wizards.com/Handlers/Image.ashx?multiverseid=457179&type=card
36,Coral Commando,http://gatherer.wizards.com/Handlers/Image.ashx?multiverseid=457180&type=card
37,Essence Capture,http://gatherer.wizards.com/Handlers/Image.ashx?multiverseid=457181&type=card
38,Eyes Everywhere,http://gatherer.wizards.com/Handlers/Image.ashx?multiverseid=457182&type=card
39,Faerie Duelist,http://gatherer.wizards.com/Handlers/Image.ashx?multiverseid=457183&type=card
40,Gateway Sneak,http://gatherer.wizards.com/Handlers/Image.ashx?multiverseid=457184&type=card
41,Humongulus,http://gatherer.wizards.com/Handlers/Image.ashx?multiverseid=457185&type=card
42,Mass Manipulation,http://gatherer.wizards.com/Handlers/Image.ashx?multiverseid=457186&type=card
43,Mesmerizing Benthid,http://gatherer.wizards.com/Handlers/Image.ashx?multiverseid=457187&type=card
44,Persistent Petitioners,http://gatherer.wizards.com/Handlers/Image.ashx?multiverseid=457188&type=card
45,Precognitive Perception,http://gatherer.wizards.com/Handlers/Image.ashx?multiverseid=457189&type=card
46,Prying Eyes,http://gatherer.wizards.com/Handlers/Image.ashx?multiverseid=457190&type=card
47,Pteramander,http://gatherer.wizards.com/Handlers/Image.ashx?multiverseid=457191&type=card
48,Quench,0
49,Sage's Row Savant,http://gatherer.wizards.com/Handlers/Image.ashx?multiverseid=457193&type=card
50,Senate Courier,http://gatherer.wizards.com/Handlers/Image.ashx?multiverseid=457194&type=card
51,Shimmer of Possibility,http://gatherer.wizards.com/Handlers/Image.ashx?multiverseid=457195&type=card
52,Skatewing Spy,http://gatherer.wizards.com/Handlers/Image.ashx?multiverseid=457196&type=card
53,Skitter Eel,http://gatherer.wizards.com/Handlers/Image.ashx?multiverseid=457197&type=card
54,Slimebind,http://gatherer.wizards.com/Handlers/Image.ashx?multiverseid=457198&type=card
55,Sphinx of Foresight,http://gatherer.wizards.com/Handlers/Image.ashx?multiverseid=457199&type=card
56,Swirling Torrent,http://gatherer.wizards.com/Handlers/Image.ashx?multiverseid=457200&type=card
57,Thought Collapse,http://gatherer.wizards.com/Handlers/Image.ashx?multiverseid=457201&type=card
58,Verity Circle,http://gatherer.wizards.com/Handlers/Image.ashx?multiverseid=457202&type=card
59,Wall of Lost Thoughts,http://gatherer.wizards.com/Handlers/Image.ashx?multiverseid=457203&type=card
60,Windstorm Drake,http://gatherer.wizards.com/Handlers/Image.ashx?multiverseid=457204&type=card
61,Awaken the Erstwhile,http://gatherer.wizards.com/Handlers/Image.ashx?multiverseid=457205&type=card
62,Bankrupt in Blood,http://gatherer.wizards.com/Handlers/Image.ashx?multiverseid=457206&type=card
63,Blade Juggler,http://gatherer.wizards.com/Handlers/Image.ashx?multiverseid=457207&type=card
64,Bladebrand,http://gatherer.wizards.com/Handlers/Image.ashx?multiverseid=457208&type=card
65,Bloodmist Infiltrator,http://gatherer.wizards.com/Handlers/Image.ashx?multiverseid=457209&type=card
66,Carrion Imp,http://gatherer.wizards.com/Handlers/Image.ashx?multiverseid=457210&type=card
67,Catacomb Crocodile,http://gatherer.wizards.com/Handlers/Image.ashx?multiverseid=457211&type=card
68,Clear the Stage,http://gatherer.wizards.com/Handlers/Image.ashx?multiverseid=457212&type=card
69,Consign to the Pit,http://gatherer.wizards.com/Handlers/Image.ashx?multiverseid=457213&type=card
70,Cry of the Carnarium,http://gatherer.wizards.com/Handlers/Image.ashx?multiverseid=457214&type=card
71,Dead Revels,http://gatherer.wizards.com/Handlers/Image.ashx?multiverseid=457215&type=card
72,Debtors' Transport,http://gatherer.wizards.com/Handlers/Image.ashx?multiverseid=457216&type=card
73,Drill Bit,http://gatherer.wizards.com/Handlers/Image.ashx?multiverseid=457217&type=card
74,Font of Agonies,http://gatherer.wizards.com/Handlers/Image.ashx?multiverseid=457218&type=card
75,Grotesque Demise,http://gatherer.wizards.com/Handlers/Image.ashx?multiverseid=457219&type=card
76,Gutterbones,http://gatherer.wizards.com/Handlers/Image.ashx?multiverseid=457220&type=card
77,Ill-Gotten Inheritance,http://gatherer.wizards.com/Handlers/Image.ashx?multiverseid=457221&type=card
78,Noxious Groodion,http://gatherer.wizards.com/Handlers/Image.ashx?multiverseid=457222&type=card
79,Orzhov Enforcer,http://gatherer.wizards.com/Handlers/Image.ashx?multiverseid=457223&type=card
80,Orzhov Racketeers,http://gatherer.wizards.com/Handlers/Image.ashx?multiverseid=457224&type=card
81,Pestilent Spirit,http://gatherer.wizards.com/Handlers/Image.ashx?multiverseid=457225&type=card
82,Plague Wight,http://gatherer.wizards.com/Handlers/Image.ashx?multiverseid=457226&type=card
83,Priest of Forgotten Gods,http://gatherer.wizards.com/Handlers/Image.ashx?multiverseid=457227&type=card
84,Rakdos Trumpeter,http://gatherer.wizards.com/Handlers/Image.ashx?multiverseid=457228&type=card
85,Spawn of Mayhem,http://gatherer.wizards.com/Handlers/Image.ashx?multiverseid=457229&type=card
86,Spire Mangler,http://gatherer.wizards.com/Handlers/Image.ashx?multiverseid=457230&type=card
87,Thirsting Shade,http://gatherer.wizards.com/Handlers/Image.ashx?multiverseid=457231&type=card
88,Undercity Scavenger,http://gatherer.wizards.com/Handlers/Image.ashx?multiverseid=457232&type=card
89,Undercity's Embrace,http://gatherer.wizards.com/Handlers/Image.ashx?multiverseid=457233&type=card
90,Vindictive Vampire,http://gatherer.wizards.com/Handlers/Image.ashx?multiverseid=457234&type=card
91,Act of Treason,http://gatherer.wizards.com/Handlers/Image.ashx?multiverseid=457235&type=card
92,Amplifire,http://gatherer.wizards.com/Handlers/Image.ashx?multiverseid=457236&type=card
93,Burn Bright,http://gatherer.wizards.com/Handlers/Image.ashx?multiverseid=457237&type=card
94,Burning-Tree Vandal,http://gatherer.wizards.com/Handlers/Image.ashx?multiverseid=457238&type=card
95,Cavalcade of Calamity,http://gatherer.wizards.com/Handlers/Image.ashx?multiverseid=457239&type=card
96,Clamor Shaman,http://gatherer.wizards.com/Handlers/Image.ashx?multiverseid=457240&type=card
97,Dagger Caster,http://gatherer.wizards.com/Handlers/Image.ashx?multiverseid=457241&type=card
98,Deface,http://gatherer.wizards.com/Handlers/Image.ashx?multiverseid=457242&type=card
99,Electrodominance,http://gatherer.wizards.com/Handlers/Image.ashx?multiverseid=457243&type=card
100,Feral Maaka,http://gatherer.wizards.com/Handlers/Image.ashx?multiverseid=457244&type=card
101,Flames of the Raze-Boar,http://gatherer.wizards.com/Handlers/Image.ashx?multiverseid=457245&type=card
102,Gates Ablaze,http://gatherer.wizards.com/Handlers/Image.ashx?multiverseid=457246&type=card
103,Ghor-Clan Wrecker,http://gatherer.wizards.com/Handlers/Image.ashx?multiverseid=457247&type=card
104,Goblin Gathering,http://gatherer.wizards.com/Handlers/Image.ashx?multiverseid=457248&type=card
105,Gravel-Hide Goblin,http://gatherer.wizards.com/Handlers/Image.ashx?multiverseid=457249&type=card
106,Immolation Shaman,http://gatherer.wizards.com/Handlers/Image.ashx?multiverseid=457250&type=card
107,Light Up the Stage,http://gatherer.wizards.com/Handlers/Image.ashx?multiverseid=457251&type=card
108,Mirror March,http://gatherer.wizards.com/Handlers/Image.ashx?multiverseid=457252&type=card
109,Rix Maadi Reveler,http://gatherer.wizards.com/Handlers/Image.ashx?multiverseid=457253&type=card
110,Rubble Reading,http://gatherer.wizards.com/Handlers/Image.ashx?multiverseid=457254&type=card
111,Rubblebelt Recluse,http://gatherer.wizards.com/Handlers/Image.ashx?multiverseid=457255&type=card
112,Rumbling Ruin,http://gatherer.wizards.com/Handlers/Image.ashx?multiverseid=457256&type=card
113,Scorchmark,http://gatherer.wizards.com/Handlers/Image.ashx?multiverseid=457257&type=card
114,Skarrgan Hellkite,http://gatherer.wizards.com/Handlers/Image.ashx?multiverseid=457258&type=card
115,Skewer the Critics,http://gatherer.wizards.com/Handlers/Image.ashx?multiverseid=457259&type=card
116,Smelt-Ward Ignus,http://gatherer.wizards.com/Handlers/Image.ashx?multiverseid=457260&type=card
117,Spear Spewer,http://gatherer.wizards.com/Handlers/Image.ashx?multiverseid=457261&type=card
118,Spikewheel Acrobat,http://gatherer.wizards.com/Handlers/Image.ashx?multiverseid=457262&type=card
119,Storm Strike,http://gatherer.wizards.com/Handlers/Image.ashx?multiverseid=457263&type=card
120,Tin Street Dodger,http://gatherer.wizards.com/Handlers/Image.ashx?multiverseid=457264&type=card
121,Axebane Beast,http://gatherer.wizards.com/Handlers/Image.ashx?multiverseid=457265&type=card
122,Biogenic Ooze,http://gatherer.wizards.com/Handlers/Image.ashx?multiverseid=457266&type=card
123,Biogenic Upgrade,http://gatherer.wizards.com/Handlers/Image.ashx?multiverseid=457267&type=card
124,End-Raze Forerunners,http://gatherer.wizards.com/Handlers/Image.ashx?multiverseid=457268&type=card
125,Enraged Ceratok,http://gatherer.wizards.com/Handlers/Image.ashx?multiverseid=457269&type=card
126,Gatebreaker Ram,http://gatherer.wizards.com/Handlers/Image.ashx?multiverseid=457270&type=card
127,Gift of Strength,http://gatherer.wizards.com/Handlers/Image.ashx?multiverseid=476422&type=card
128,Growth-Chamber Guardian,http://gatherer.wizards.com/Handlers/Image.ashx?multiverseid=457272&type=card
129,Gruul Beastmaster,http://gatherer.wizards.com/Handlers/Image.ashx?multiverseid=457273&type=card
130,Guardian Project,http://gatherer.wizards.com/Handlers/Image.ashx?multiverseid=457274&type=card
131,Incubation Druid,http://gatherer.wizards.com/Handlers/Image.ashx?multiverseid=457275&type=card
132,Mammoth Spider,http://gatherer.wizards.com/Handlers/Image.ashx?multiverseid=457276&type=card
133,Open the Gates,http://gatherer.wizards.com/Handlers/Image.ashx?multiverseid=457277&type=card
134,Rampage of the Clans,http://gatherer.wizards.com/Handlers/Image.ashx?multiverseid=457278&type=card
135,Rampaging Rendhorn,http://gatherer.wizards.com/Handlers/Image.ashx?multiverseid=457279&type=card
136,Regenesis,http://gatherer.wizards.com/Handlers/Image.ashx?multiverseid=457280&type=card
137,Root Snare,http://gatherer.wizards.com/Handlers/Image.ashx?multiverseid=457281&type=card
138,Sagittars' Volley,http://gatherer.wizards.com/Handlers/Image.ashx?multiverseid=457282&type=card
139,Saruli Caretaker,http://gatherer.wizards.com/Handlers/Image.ashx?multiverseid=457283&type=card
140,Sauroform Hybrid,http://gatherer.wizards.com/Handlers/Image.ashx?multiverseid=457284&type=card
141,Silhana Wayfinder,http://gatherer.wizards.com/Handlers/Image.ashx?multiverseid=457285&type=card
142,Steeple Creeper,http://gatherer.wizards.com/Handlers/Image.ashx?multiverseid=457286&type=card
143,Stony Strength,http://gatherer.wizards.com/Handlers/Image.ashx?multiverseid=457287&type=card
144,Sylvan Brushstrider,http://gatherer.wizards.com/Handlers/Image.ashx?multiverseid=457288&type=card
145,Territorial Boar,http://gatherer.wizards.com/Handlers/Image.ashx?multiverseid=457289&type=card
146,Titanic Brawl,http://gatherer.wizards.com/Handlers/Image.ashx?multiverseid=457290&type=card
147,Tower Defense,http://gatherer.wizards.com/Handlers/Image.ashx?multiverseid=457291&type=card
148,Trollbred Guardian,http://gatherer.wizards.com/Handlers/Image.ashx?multiverseid=457292&type=card
149,Wilderness Reclamation,http://gatherer.wizards.com/Handlers/Image.ashx?multiverseid=457293&type=card
150,Wrecking Beast,http://gatherer.wizards.com/Handlers/Image.ashx?multiverseid=457294&type=card
151,Absorb,http://gatherer.wizards.com/Handlers/Image.ashx?multiverseid=457295&type=card
152,Aeromunculus,http://gatherer.wizards.com/Handlers/Image.ashx?multiverseid=457296&type=card
153,Applied Biomancy,http://gatherer.wizards.com/Handlers/Image.ashx?multiverseid=457297&type=card
154,Azorius Knight-Arbiter,http://gatherer.wizards.com/Handlers/Image.ashx?multiverseid=457298&type=card
155,Azorius Skyguard,http://gatherer.wizards.com/Handlers/Image.ashx?multiverseid=457299&type=card
156,Basilica Bell-Haunt,http://gatherer.wizards.com/Handlers/Image.ashx?multiverseid=457300&type=card
157,Bedevil,http://gatherer.wizards.com/Handlers/Image.ashx?multiverseid=457301&type=card
158,Biomancer's Familiar,http://gatherer.wizards.com/Handlers/Image.ashx?multiverseid=457302&type=card
159,Bolrac-Clan Crusher,http://gatherer.wizards.com/Handlers/Image.ashx?multiverseid=457303&type=card
160,Captive Audience,http://gatherer.wizards.com/Handlers/Image.ashx?multiverseid=457304&type=card
161,Cindervines,http://gatherer.wizards.com/Handlers/Image.ashx?multiverseid=457305&type=card
162,Clan Guildmage,http://gatherer.wizards.com/Handlers/Image.ashx?multiverseid=457306&type=card
163,Combine Guildmage,http://gatherer.wizards.com/Handlers/Image.ashx?multiverseid=457307&type=card
164,Cult Guildmage,http://gatherer.wizards.com/Handlers/Image.ashx?multiverseid=457308&type=card
165,Deputy of Detention,http://gatherer.wizards.com/Handlers/Image.ashx?multiverseid=457309&type=card
166,"Domri, Chaos Bringer",http://gatherer.wizards.com/Handlers/Image.ashx?multiverseid=457310&type=card
167,"Dovin, Grand Arbiter",http://gatherer.wizards.com/Handlers/Image.ashx?multiverseid=457311&type=card
168,Dovin's Acuity,http://gatherer.wizards.com/Handlers/Image.ashx?multiverseid=457312&type=card
169,Emergency Powers,http://gatherer.wizards.com/Handlers/Image.ashx?multiverseid=457313&type=card
170,Ethereal Absolution,http://gatherer.wizards.com/Handlers/Image.ashx?multiverseid=457314&type=card
171,Final Payment,http://gatherer.wizards.com/Handlers/Image.ashx?multiverseid=457315&type=card
172,Fireblade Artist,http://gatherer.wizards.com/Handlers/Image.ashx?multiverseid=457316&type=card
173,Frenzied Arynx,http://gatherer.wizards.com/Handlers/Image.ashx?multiverseid=457317&type=card
174,Frilled Mystic,http://gatherer.wizards.com/Handlers/Image.ashx?multiverseid=457318&type=card
175,Galloping Lizrog,http://gatherer.wizards.com/Handlers/Image.ashx?multiverseid=457319&type=card
176,Get the Point,http://gatherer.wizards.com/Handlers/Image.ashx?multiverseid=457320&type=card
177,Grasping Thrull,http://gatherer.wizards.com/Handlers/Image.ashx?multiverseid=457321&type=card
178,Growth Spiral,http://gatherer.wizards.com/Handlers/Image.ashx?multiverseid=457322&type=card
179,Gruul Spellbreaker,http://gatherer.wizards.com/Handlers/Image.ashx?multiverseid=457323&type=card
180,Gyre Engineer,http://gatherer.wizards.com/Handlers/Image.ashx?multiverseid=457324&type=card
181,Hackrobat,http://gatherer.wizards.com/Handlers/Image.ashx?multiverseid=457325&type=card
182,High Alert,http://gatherer.wizards.com/Handlers/Image.ashx?multiverseid=457326&type=card
183,Hydroid Krasis,http://gatherer.wizards.com/Handlers/Image.ashx?multiverseid=457327&type=card
184,Imperious Oligarch,http://gatherer.wizards.com/Handlers/Image.ashx?multiverseid=457328&type=card
185,"Judith, the Scourge Diva",http://gatherer.wizards.com/Handlers/Image.ashx?multiverseid=457329&type=card
186,"Kaya, Orzhov Usurper",http://gatherer.wizards.com/Handlers/Image.ashx?multiverseid=457330&type=card
187,Kaya's Wrath,http://gatherer.wizards.com/Handlers/Image.ashx?multiverseid=457331&type=card
188,Knight of the Last Breath,http://gatherer.wizards.com/Handlers/Image.ashx?multiverseid=457332&type=card
189,"Lavinia, Azorius Renegade",http://gatherer.wizards.com/Handlers/Image.ashx?multiverseid=457333&type=card
190,Lawmage's Binding,http://gatherer.wizards.com/Handlers/Image.ashx?multiverseid=457334&type=card
191,Macabre Mockery,http://gatherer.wizards.com/Handlers/Image.ashx?multiverseid=457335&type=card
192,Mortify,http://gatherer.wizards.com/Handlers/Image.ashx?multiverseid=457336&type=card
193,Nikya of the Old Ways,http://gatherer.wizards.com/Handlers/Image.ashx?multiverseid=457337&type=card
194,Pitiless Pontiff,http://gatherer.wizards.com/Handlers/Image.ashx?multiverseid=457338&type=card
195,Prime Speaker Vannifar,http://gatherer.wizards.com/Handlers/Image.ashx?multiverseid=457339&type=card
196,Rafter Demon,http://gatherer.wizards.com/Handlers/Image.ashx?multiverseid=457340&type=card
197,Rakdos Firewheeler,http://gatherer.wizards.com/Handlers/Image.ashx?multiverseid=457341&type=card
198,Rakdos Roustabout,http://gatherer.wizards.com/Handlers/Image.ashx?multiverseid=457342&type=card
199,"Rakdos, the Showstopper",http://gatherer.wizards.com/Handlers/Image.ashx?multiverseid=457343&type=card
200,Ravager Wurm,http://gatherer.wizards.com/Handlers/Image.ashx?multiverseid=457344&type=card
201,Rhythm of the Wild,http://gatherer.wizards.com/Handlers/Image.ashx?multiverseid=457345&type=card
202,Rubblebelt Runner,http://gatherer.wizards.com/Handlers/Image.ashx?multiverseid=457346&type=card
203,Savage Smash,http://gatherer.wizards.com/Handlers/Image.ashx?multiverseid=457347&type=card
204,Senate Guildmage,http://gatherer.wizards.com/Handlers/Image.ashx?multiverseid=457348&type=card
205,Seraph of the Scales,http://gatherer.wizards.com/Handlers/Image.ashx?multiverseid=457349&type=card
206,Sharktocrab,http://gatherer.wizards.com/Handlers/Image.ashx?multiverseid=457350&type=card
207,Simic Ascendancy,http://gatherer.wizards.com/Handlers/Image.ashx?multiverseid=457351&type=card
208,Sphinx of New Prahv,http://gatherer.wizards.com/Handlers/Image.ashx?multiverseid=457352&type=card
209,Sphinx's Insight,http://gatherer.wizards.com/Handlers/Image.ashx?multiverseid=457353&type=card
210,Sunder Shaman,http://gatherer.wizards.com/Handlers/Image.ashx?multiverseid=457354&type=card
211,Syndicate Guildmage,http://gatherer.wizards.com/Handlers/Image.ashx?multiverseid=457355&type=card
212,Teysa Karlov,http://gatherer.wizards.com/Handlers/Image.ashx?multiverseid=457356&type=card
213,Theater of Horrors,http://gatherer.wizards.com/Handlers/Image.ashx?multiverseid=457357&type=card
214,"Zegana, Utopian Speaker",http://gatherer.wizards.com/Handlers/Image.ashx?multiverseid=457358&type=card
215,Zhur-Taa Goblin,http://gatherer.wizards.com/Handlers/Image.ashx?multiverseid=457359&type=card
216,Footlight Fiend,http://gatherer.wizards.com/Handlers/Image.ashx?multiverseid=457360&type=card
217,Rubble Slinger,http://gatherer.wizards.com/Handlers/Image.ashx?multiverseid=457361&type=card
218,Scuttlegator,http://gatherer.wizards.com/Handlers/Image.ashx?multiverseid=457362&type=card
219,Senate Griffin,http://gatherer.wizards.com/Handlers/Image.ashx?multiverseid=457363&type=card
220,Vizkopa Vampire,http://gatherer.wizards.com/Handlers/Image.ashx?multiverseid=457364&type=card
221,Bedeck // Bedazzle,0
222,Bedeck // Bedazzle,0
223,Carnival // Carnage,0
224,Carnival // Carnage,0
225,Collision // Colossus,0
226,Collision // Colossus,0
227,Consecrate // Consume,0
228,Consecrate // Consume,0
229,Depose // Deploy,0
230,Depose // Deploy,0
231,Incubation // Incongruity,0
232,Incubation // Incongruity,0
233,Repudiate // Replicate,0
234,Repudiate // Replicate,0
235,Revival // Revenge,0
236,Revival // Revenge,0
237,Thrash // Threat,0
238,Thrash // Threat,0
239,Warrant // Warden,0
240,Warrant // Warden,0
241,Azorius Locket,http://gatherer.wizards.com/Handlers/Image.ashx?multiverseid=457375&type=card
242,Gate Colossus,http://gatherer.wizards.com/Handlers/Image.ashx?multiverseid=491902&type=card
243,Glass of the Guildpact,http://gatherer.wizards.com/Handlers/Image.ashx?multiverseid=457377&type=card
244,Gruul Locket,http://gatherer.wizards.com/Handlers/Image.ashx?multiverseid=457378&type=card
245,Junktroller,http://gatherer.wizards.com/Handlers/Image.ashx?multiverseid=457379&type=card
246,Orzhov Locket,http://gatherer.wizards.com/Handlers/Image.ashx?multiverseid=457380&type=card
247,Rakdos Locket,http://gatherer.wizards.com/Handlers/Image.ashx?multiverseid=457381&type=card
248,Scrabbling Claws,0
249,Screaming Shield,http://gatherer.wizards.com/Handlers/Image.ashx?multiverseid=457383&type=card
250,Simic Locket,http://gatherer.wizards.com/Handlers/Image.ashx?multiverseid=457384&type=card
251,Sphinx of the Guildpact,http://gatherer.wizards.com/Handlers/Image.ashx?multiverseid=457385&type=card
252,Tome of the Guildpact,http://gatherer.wizards.com/Handlers/Image.ashx?multiverseid=457386&type=card
253,Azorius Guildgate,http://gatherer.wizards.com/Handlers/Image.ashx?multiverseid=270966&type=card
254,Azorius Guildgate,http://gatherer.wizards.com/Handlers/Image.ashx?multiverseid=270966&type=card
255,Blood Crypt,http://gatherer.wizards.com/Handlers/Image.ashx?multiverseid=253683&type=card
256,Breeding Pool,http://gatherer.wizards.com/Handlers/Image.ashx?multiverseid=457390&type=card
257,Gateway Plaza,http://gatherer.wizards.com/Handlers/Image.ashx?multiverseid=461173&type=card
258,Godless Shrine,http://gatherer.wizards.com/Handlers/Image.ashx?multiverseid=457392&type=card
259,Gruul Guildgate,http://gatherer.wizards.com/Handlers/Image.ashx?multiverseid=496068&type=card
260,Gruul Guildgate,http://gatherer.wizards.com/Handlers/Image.ashx?multiverseid=496068&type=card
261,Hallowed Fountain,http://gatherer.wizards.com/Handlers/Image.ashx?multiverseid=253684&type=card
262,Orzhov Guildgate,http://gatherer.wizards.com/Handlers/Image.ashx?multiverseid=463836&type=card
263,Orzhov Guildgate,http://gatherer.wizards.com/Handlers/Image.ashx?multiverseid=463836&type=card
264,Plaza of Harmony,http://gatherer.wizards.com/Handlers/Image.ashx?multiverseid=457398&type=card
265,Rakdos Guildgate,http://gatherer.wizards.com/Handlers/Image.ashx?multiverseid=270953&type=card
266,Rakdos Guildgate,http://gatherer.wizards.com/Handlers/Image.ashx?multiverseid=270953&type=card
267,Simic Guildgate,http://gatherer.wizards.com/Handlers/Image.ashx?multiverseid=463841&type=card
268,Simic Guildgate,http://gatherer.wizards.com/Handlers/Image.ashx?multiverseid=463841&type=card
269,Stomping Ground,http://gatherer.wizards.com/Handlers/Image.ashx?multiverseid=457403&type=card
270,Plains,http://gatherer.wizards.com/Handlers/Image.ashx?multiverseid=495098&type=card
271,Island,http://gatherer.wizards.com/Handlers/Image.ashx?multiverseid=495099&type=card
272,Swamp,http://gatherer.wizards.com/Handlers/Image.ashx?multiverseid=495100&type=card
273,Mountain,http://gatherer.wizards.com/Handlers/Image.ashx?multiverseid=495101&type=card
274,Forest,http://gatherer.wizards.com/Handlers/Image.ashx?multiverseid=495102&type=card
275,"Dovin, Architect of Law",http://gatherer.wizards.com/Handlers/Image.ashx?multiverseid=459999&type=card
276,Elite Arrester,http://gatherer.wizards.com/Handlers/Image.ashx?multiverseid=460000&type=card
277,Dovin's Dismissal,http://gatherer.wizards.com/Handlers/Image.ashx?multiverseid=460001&type=card
278,Dovin's Automaton,http://gatherer.wizards.com/Handlers/Image.ashx?multiverseid=460002&type=card
279,"Domri, City Smasher",http://gatherer.wizards.com/Handlers/Image.ashx?multiverseid=460003&type=card
280,Ragefire,http://gatherer.wizards.com/Handlers/Image.ashx?multiverseid=460004&type=card
281,Charging War Boar,http://gatherer.wizards.com/Handlers/Image.ashx?multiverseid=460005&type=card
282,Domri's Nodorog,http://gatherer.wizards.com/Handlers/Image.ashx?multiverseid=460006&type=card
283,The Haunt of Hightower,http://gatherer.wizards.com/Handlers/Image.ashx?multiverseid=460007&type=card
