card_name,image_url
Blade Instructor,0
Bounty Agent,http://gatherer.wizards.com/Handlers/Image.ashx?multiverseid=452752&type=card
Candlelight Vigil,0
Citywide Bust,0
Collar the Culprit,0
Conclave Tribunal,0
Crush Contraband,http://gatherer.wizards.com/Handlers/Image.ashx?multiverseid=495951&type=card
Dawn of Hope,0
Demotion,http://gatherer.wizards.com/Handlers/Image.ashx?multiverseid=452759&type=card
Divine Visitation,0
Flight of Equenauts,http://gatherer.wizards.com/Handlers/Image.ashx?multiverseid=452761&type=card
Gird for Battle,http://gatherer.wizards.com/Handlers/Image.ashx?multiverseid=489590&type=card
Haazda Marshal,http://gatherer.wizards.com/Handlers/Image.ashx?multiverseid=452763&type=card
Healer's Hawk,0
Hunted Witness,http://gatherer.wizards.com/Handlers/Image.ashx?multiverseid=452765&type=card
Inspiring Unicorn,http://gatherer.wizards.com/Handlers/Image.ashx?multiverseid=489596&type=card
Intrusive Packbeast,0
Ledev Guardian,http://gatherer.wizards.com/Handlers/Image.ashx?multiverseid=452768&type=card
Light of the Legion,0
Loxodon Restorer,http://gatherer.wizards.com/Handlers/Image.ashx?multiverseid=452770&type=card
Luminous Bonds,http://gatherer.wizards.com/Handlers/Image.ashx?multiverseid=439669&type=card
Parhelion Patrol,http://gatherer.wizards.com/Handlers/Image.ashx?multiverseid=452772&type=card
Righteous Blow,http://gatherer.wizards.com/Handlers/Image.ashx?multiverseid=452773&type=card
Roc Charger,http://gatherer.wizards.com/Handlers/Image.ashx?multiverseid=452774&type=card
Skyline Scout,http://gatherer.wizards.com/Handlers/Image.ashx?multiverseid=452775&type=card
Sunhome Stalwart,http://gatherer.wizards.com/Handlers/Image.ashx?multiverseid=452776&type=card
Sworn Companions,http://gatherer.wizards.com/Handlers/Image.ashx?multiverseid=452777&type=card
Take Heart,http://gatherer.wizards.com/Handlers/Image.ashx?multiverseid=489618&type=card
Tenth District Guard,http://gatherer.wizards.com/Handlers/Image.ashx?multiverseid=452779&type=card
Venerated Loxodon,0
Capture Sphere,0
Chemister's Insight,0
Citywatch Sphinx,0
Dazzling Lights,0
Devious Cover-Up,http://gatherer.wizards.com/Handlers/Image.ashx?multiverseid=452785&type=card
Dimir Informant,http://gatherer.wizards.com/Handlers/Image.ashx?multiverseid=452786&type=card
Disdainful Stroke,0
Dream Eater,http://gatherer.wizards.com/Handlers/Image.ashx?multiverseid=452788&type=card
Drowned Secrets,0
Enhanced Surveillance,http://gatherer.wizards.com/Handlers/Image.ashx?multiverseid=452790&type=card
Guild Summit,http://gatherer.wizards.com/Handlers/Image.ashx?multiverseid=452791&type=card
Leapfrog,0
Maximize Altitude,0
Mission Briefing,0
Murmuring Mystic,http://gatherer.wizards.com/Handlers/Image.ashx?multiverseid=452795&type=card
Muse Drake,http://gatherer.wizards.com/Handlers/Image.ashx?multiverseid=452796&type=card
Narcomoeba,0
Nightveil Sprite,http://gatherer.wizards.com/Handlers/Image.ashx?multiverseid=495970&type=card
Omnispell Adept,http://gatherer.wizards.com/Handlers/Image.ashx?multiverseid=452799&type=card
Passwall Adept,http://gatherer.wizards.com/Handlers/Image.ashx?multiverseid=452800&type=card
Quasiduplicate,0
Radical Idea,http://gatherer.wizards.com/Handlers/Image.ashx?multiverseid=452802&type=card
Selective Snare,http://gatherer.wizards.com/Handlers/Image.ashx?multiverseid=452803&type=card
Sinister Sabotage,0
Thoughtbound Phantasm,http://gatherer.wizards.com/Handlers/Image.ashx?multiverseid=452805&type=card
Unexplained Disappearance,http://gatherer.wizards.com/Handlers/Image.ashx?multiverseid=452806&type=card
Vedalken Mesmerist,http://gatherer.wizards.com/Handlers/Image.ashx?multiverseid=452807&type=card
Wall of Mist,http://gatherer.wizards.com/Handlers/Image.ashx?multiverseid=447219&type=card
Watcher in the Mist,http://gatherer.wizards.com/Handlers/Image.ashx?multiverseid=452809&type=card
Wishcoin Crab,0
Barrier of Bones,http://gatherer.wizards.com/Handlers/Image.ashx?multiverseid=452811&type=card
Bartizan Bats,0
Blood Operative,0
Burglar Rat,http://gatherer.wizards.com/Handlers/Image.ashx?multiverseid=489220&type=card
Child of Night,0
Creeping Chill,http://gatherer.wizards.com/Handlers/Image.ashx?multiverseid=452816&type=card
Dead Weight,http://gatherer.wizards.com/Handlers/Image.ashx?multiverseid=409853&type=card
Deadly Visit,http://gatherer.wizards.com/Handlers/Image.ashx?multiverseid=452818&type=card
Doom Whisperer,0
Douser of Lights,http://gatherer.wizards.com/Handlers/Image.ashx?multiverseid=452820&type=card
Gruesome Menagerie,0
Hired Poisoner,http://gatherer.wizards.com/Handlers/Image.ashx?multiverseid=452822&type=card
Kraul Swarm,http://gatherer.wizards.com/Handlers/Image.ashx?multiverseid=452823&type=card
Lotleth Giant,http://gatherer.wizards.com/Handlers/Image.ashx?multiverseid=452824&type=card
Mausoleum Secrets,0
Mephitic Vapors,0
Midnight Reaper,0
Moodmark Painter,http://gatherer.wizards.com/Handlers/Image.ashx?multiverseid=452828&type=card
Necrotic Wound,0
Never Happened,0
Pilfering Imp,http://gatherer.wizards.com/Handlers/Image.ashx?multiverseid=452831&type=card
Plaguecrafter,0
Price of Fame,http://gatherer.wizards.com/Handlers/Image.ashx?multiverseid=495990&type=card
Ritual of Soot,0
Severed Strands,http://gatherer.wizards.com/Handlers/Image.ashx?multiverseid=452835&type=card
Spinal Centipede,http://gatherer.wizards.com/Handlers/Image.ashx?multiverseid=452836&type=card
Undercity Necrolisk,http://gatherer.wizards.com/Handlers/Image.ashx?multiverseid=452837&type=card
Veiled Shade,http://gatherer.wizards.com/Handlers/Image.ashx?multiverseid=452838&type=card
Vicious Rumors,http://gatherer.wizards.com/Handlers/Image.ashx?multiverseid=452839&type=card
Whispering Snitch,http://gatherer.wizards.com/Handlers/Image.ashx?multiverseid=452840&type=card
Arclight Phoenix,0
Barging Sergeant,0
Book Devourer,http://gatherer.wizards.com/Handlers/Image.ashx?multiverseid=452843&type=card
Command the Storm,http://gatherer.wizards.com/Handlers/Image.ashx?multiverseid=452844&type=card
Cosmotronic Wave,0
Direct Current,0
Electrostatic Field,http://gatherer.wizards.com/Handlers/Image.ashx?multiverseid=452847&type=card
Erratic Cyclops,http://gatherer.wizards.com/Handlers/Image.ashx?multiverseid=452848&type=card
Experimental Frenzy,0
Fearless Halberdier,http://gatherer.wizards.com/Handlers/Image.ashx?multiverseid=469882&type=card
Fire Urchin,http://gatherer.wizards.com/Handlers/Image.ashx?multiverseid=452851&type=card
Goblin Banneret,http://gatherer.wizards.com/Handlers/Image.ashx?multiverseid=452852&type=card
Goblin Cratermaker,http://gatherer.wizards.com/Handlers/Image.ashx?multiverseid=452853&type=card
Goblin Locksmith,0
Gravitic Punch,0
Hellkite Whelp,http://gatherer.wizards.com/Handlers/Image.ashx?multiverseid=452856&type=card
Inescapable Blaze,http://gatherer.wizards.com/Handlers/Image.ashx?multiverseid=452857&type=card
Lava Coil,0
Legion Warboss,0
Maniacal Rage,http://gatherer.wizards.com/Handlers/Image.ashx?multiverseid=397568&type=card
Maximize Velocity,0
Ornery Goblin,http://gatherer.wizards.com/Handlers/Image.ashx?multiverseid=489543&type=card
Risk Factor,0
Rubblebelt Boar,http://gatherer.wizards.com/Handlers/Image.ashx?multiverseid=452864&type=card
Runaway Steam-Kin,0
Smelt-Ward Minotaur,http://gatherer.wizards.com/Handlers/Image.ashx?multiverseid=452866&type=card
Street Riot,http://gatherer.wizards.com/Handlers/Image.ashx?multiverseid=452867&type=card
Sure Strike,http://gatherer.wizards.com/Handlers/Image.ashx?multiverseid=435320&type=card
Torch Courier,0
Wojek Bodyguard,0
Affectionate Indrik,0
Arboretum Elemental,http://gatherer.wizards.com/Handlers/Image.ashx?multiverseid=452872&type=card
Beast Whisperer,0
Bounty of Might,0
Circuitous Route,http://gatherer.wizards.com/Handlers/Image.ashx?multiverseid=496000&type=card
Crushing Canopy,http://gatherer.wizards.com/Handlers/Image.ashx?multiverseid=435338&type=card
Devkarin Dissident,http://gatherer.wizards.com/Handlers/Image.ashx?multiverseid=452877&type=card
District Guide,http://gatherer.wizards.com/Handlers/Image.ashx?multiverseid=452878&type=card
Generous Stray,http://gatherer.wizards.com/Handlers/Image.ashx?multiverseid=452879&type=card
Golgari Raiders,http://gatherer.wizards.com/Handlers/Image.ashx?multiverseid=452880&type=card
Grappling Sundew,http://gatherer.wizards.com/Handlers/Image.ashx?multiverseid=452881&type=card
Hatchery Spider,0
Hitchclaw Recluse,http://gatherer.wizards.com/Handlers/Image.ashx?multiverseid=398676&type=card
Ironshell Beetle,http://gatherer.wizards.com/Handlers/Image.ashx?multiverseid=34758&type=card
Kraul Foragers,0
Kraul Harpooner,http://gatherer.wizards.com/Handlers/Image.ashx?multiverseid=452886&type=card
Might of the Masses,http://gatherer.wizards.com/Handlers/Image.ashx?multiverseid=193547&type=card
Nullhide Ferox,http://gatherer.wizards.com/Handlers/Image.ashx?multiverseid=452888&type=card
Pack's Favor,0
Pause for Reflection,http://gatherer.wizards.com/Handlers/Image.ashx?multiverseid=452890&type=card
Pelt Collector,0
Portcullis Vine,http://gatherer.wizards.com/Handlers/Image.ashx?multiverseid=485518&type=card
Prey Upon,http://gatherer.wizards.com/Handlers/Image.ashx?multiverseid=456774&type=card
Siege Wurm,http://gatherer.wizards.com/Handlers/Image.ashx?multiverseid=87932&type=card
Sprouting Renewal,http://gatherer.wizards.com/Handlers/Image.ashx?multiverseid=452895&type=card
Urban Utopia,http://gatherer.wizards.com/Handlers/Image.ashx?multiverseid=452896&type=card
Vigorspore Wurm,http://gatherer.wizards.com/Handlers/Image.ashx?multiverseid=452897&type=card
Vivid Revival,0
Wary Okapi,http://gatherer.wizards.com/Handlers/Image.ashx?multiverseid=452899&type=card
Wild Ceratok,http://gatherer.wizards.com/Handlers/Image.ashx?multiverseid=452900&type=card
Artful Takedown,http://gatherer.wizards.com/Handlers/Image.ashx?multiverseid=452901&type=card
Assassin's Trophy,0
"Aurelia, Exemplar of Justice",0
Beacon Bolt,http://gatherer.wizards.com/Handlers/Image.ashx?multiverseid=452904&type=card
Beamsplitter Mage,http://gatherer.wizards.com/Handlers/Image.ashx?multiverseid=452905&type=card
Boros Challenger,0
Camaraderie,http://gatherer.wizards.com/Handlers/Image.ashx?multiverseid=452907&type=card
Centaur Peacemaker,http://gatherer.wizards.com/Handlers/Image.ashx?multiverseid=452908&type=card
Chance for Glory,http://gatherer.wizards.com/Handlers/Image.ashx?multiverseid=452909&type=card
Charnel Troll,http://gatherer.wizards.com/Handlers/Image.ashx?multiverseid=452910&type=card
Conclave Cavalier,http://gatherer.wizards.com/Handlers/Image.ashx?multiverseid=452911&type=card
Conclave Guildmage,http://gatherer.wizards.com/Handlers/Image.ashx?multiverseid=452912&type=card
Crackling Drake,http://gatherer.wizards.com/Handlers/Image.ashx?multiverseid=452913&type=card
Darkblade Agent,http://gatherer.wizards.com/Handlers/Image.ashx?multiverseid=452914&type=card
Deafening Clarion,0
Dimir Spybug,http://gatherer.wizards.com/Handlers/Image.ashx?multiverseid=452916&type=card
Disinformation Campaign,http://gatherer.wizards.com/Handlers/Image.ashx?multiverseid=452917&type=card
"Emmara, Soul of the Accord",0
Erstwhile Trooper,http://gatherer.wizards.com/Handlers/Image.ashx?multiverseid=452919&type=card
"Etrata, the Silencer",0
Firemind's Research,0
Garrison Sergeant,http://gatherer.wizards.com/Handlers/Image.ashx?multiverseid=452922&type=card
Glowspore Shaman,http://gatherer.wizards.com/Handlers/Image.ashx?multiverseid=452923&type=card
Goblin Electromancer,http://gatherer.wizards.com/Handlers/Image.ashx?multiverseid=253548&type=card
Golgari Findbroker,http://gatherer.wizards.com/Handlers/Image.ashx?multiverseid=452925&type=card
Hammer Dropper,0
House Guildmage,http://gatherer.wizards.com/Handlers/Image.ashx?multiverseid=452927&type=card
Hypothesizzle,0
Ionize,0
"Izoni, Thousand-Eyed",0
Join Shields,0
Justice Strike,http://gatherer.wizards.com/Handlers/Image.ashx?multiverseid=452932&type=card
Knight of Autumn,0
"Lazav, the Multifarious",0
League Guildmage,http://gatherer.wizards.com/Handlers/Image.ashx?multiverseid=452935&type=card
Ledev Champion,http://gatherer.wizards.com/Handlers/Image.ashx?multiverseid=452936&type=card
Legion Guildmage,http://gatherer.wizards.com/Handlers/Image.ashx?multiverseid=452937&type=card
March of the Multitudes,http://gatherer.wizards.com/Handlers/Image.ashx?multiverseid=452938&type=card
Mnemonic Betrayal,http://gatherer.wizards.com/Handlers/Image.ashx?multiverseid=452939&type=card
Molderhulk,http://gatherer.wizards.com/Handlers/Image.ashx?multiverseid=452940&type=card
Nightveil Predator,http://gatherer.wizards.com/Handlers/Image.ashx?multiverseid=452941&type=card
"Niv-Mizzet, Parun",0
Notion Rain,http://gatherer.wizards.com/Handlers/Image.ashx?multiverseid=452943&type=card
Ochran Assassin,0
"Ral, Izzet Viceroy",0
Rhizome Lurcher,http://gatherer.wizards.com/Handlers/Image.ashx?multiverseid=452946&type=card
Rosemane Centaur,0
Skyknight Legionnaire,http://gatherer.wizards.com/Handlers/Image.ashx?multiverseid=109082&type=card
Sonic Assault,http://gatherer.wizards.com/Handlers/Image.ashx?multiverseid=452949&type=card
Sumala Woodshaper,http://gatherer.wizards.com/Handlers/Image.ashx?multiverseid=452950&type=card
Swarm Guildmage,http://gatherer.wizards.com/Handlers/Image.ashx?multiverseid=452951&type=card
Swathcutter Giant,http://gatherer.wizards.com/Handlers/Image.ashx?multiverseid=452952&type=card
Swiftblade Vindicator,0
"Tajic, Legion's Edge",0
Thief of Sanity,0
Thought Erasure,0
Thousand-Year Storm,0
Trostani Discordant,0
Truefire Captain,http://gatherer.wizards.com/Handlers/Image.ashx?multiverseid=452959&type=card
Undercity Uprising,http://gatherer.wizards.com/Handlers/Image.ashx?multiverseid=452960&type=card
Underrealm Lich,0
Unmoored Ego,0
"Vraska, Golgari Queen",0
Wee Dragonauts,0
Worldsoul Colossus,http://gatherer.wizards.com/Handlers/Image.ashx?multiverseid=452965&type=card
Fresh-Faced Recruit,http://gatherer.wizards.com/Handlers/Image.ashx?multiverseid=452966&type=card
Piston-Fist Cyclops,http://gatherer.wizards.com/Handlers/Image.ashx?multiverseid=452967&type=card
Pitiless Gorgon,http://gatherer.wizards.com/Handlers/Image.ashx?multiverseid=452968&type=card
Vernadi Shieldmate,http://gatherer.wizards.com/Handlers/Image.ashx?multiverseid=452969&type=card
Whisper Agent,http://gatherer.wizards.com/Handlers/Image.ashx?multiverseid=452970&type=card
Assure // Assemble,0
Assure // Assemble,0
Connive // Concoct,0
Connive // Concoct,0
Discovery // Dispersal,0
Discovery // Dispersal,0
Expansion // Explosion,0
Expansion // Explosion,0
Find // Finality,0
Find // Finality,0
Flower // Flourish,0
Flower // Flourish,0
Integrity // Intervention,0
Integrity // Intervention,0
Invert // Invent,0
Invert // Invent,0
Response // Resurgence,0
Response // Resurgence,0
Status // Statue,0
Status // Statue,0
Boros Locket,http://gatherer.wizards.com/Handlers/Image.ashx?multiverseid=452981&type=card
Chamber Sentry,http://gatherer.wizards.com/Handlers/Image.ashx?multiverseid=489444&type=card
Chromatic Lantern,http://gatherer.wizards.com/Handlers/Image.ashx?multiverseid=290542&type=card
Dimir Locket,http://gatherer.wizards.com/Handlers/Image.ashx?multiverseid=496049&type=card
Gatekeeper Gargoyle,http://gatherer.wizards.com/Handlers/Image.ashx?multiverseid=452985&type=card
Glaive of the Guildpact,http://gatherer.wizards.com/Handlers/Image.ashx?multiverseid=452986&type=card
Golgari Locket,http://gatherer.wizards.com/Handlers/Image.ashx?multiverseid=452987&type=card
Izzet Locket,http://gatherer.wizards.com/Handlers/Image.ashx?multiverseid=452988&type=card
Rampaging Monument,http://gatherer.wizards.com/Handlers/Image.ashx?multiverseid=452989&type=card
Selesnya Locket,http://gatherer.wizards.com/Handlers/Image.ashx?multiverseid=452990&type=card
Silent Dart,http://gatherer.wizards.com/Handlers/Image.ashx?multiverseid=485560&type=card
Wand of Vertebrae,http://gatherer.wizards.com/Handlers/Image.ashx?multiverseid=452992&type=card
Boros Guildgate,http://gatherer.wizards.com/Handlers/Image.ashx?multiverseid=496061&type=card
Boros Guildgate,http://gatherer.wizards.com/Handlers/Image.ashx?multiverseid=496061&type=card
Dimir Guildgate,http://gatherer.wizards.com/Handlers/Image.ashx?multiverseid=496065&type=card
Dimir Guildgate,http://gatherer.wizards.com/Handlers/Image.ashx?multiverseid=496065&type=card
Gateway Plaza,http://gatherer.wizards.com/Handlers/Image.ashx?multiverseid=461173&type=card
Golgari Guildgate,http://gatherer.wizards.com/Handlers/Image.ashx?multiverseid=270964&type=card
Golgari Guildgate,http://gatherer.wizards.com/Handlers/Image.ashx?multiverseid=270964&type=card
Guildmages' Forum,http://gatherer.wizards.com/Handlers/Image.ashx?multiverseid=453000&type=card
Izzet Guildgate,http://gatherer.wizards.com/Handlers/Image.ashx?multiverseid=270961&type=card
Izzet Guildgate,http://gatherer.wizards.com/Handlers/Image.ashx?multiverseid=270961&type=card
Overgrown Tomb,http://gatherer.wizards.com/Handlers/Image.ashx?multiverseid=253680&type=card
Sacred Foundry,http://gatherer.wizards.com/Handlers/Image.ashx?multiverseid=89066&type=card
Selesnya Guildgate,http://gatherer.wizards.com/Handlers/Image.ashx?multiverseid=496077&type=card
Selesnya Guildgate,http://gatherer.wizards.com/Handlers/Image.ashx?multiverseid=496077&type=card
Steam Vents,http://gatherer.wizards.com/Handlers/Image.ashx?multiverseid=253682&type=card
Temple Garden,http://gatherer.wizards.com/Handlers/Image.ashx?multiverseid=253681&type=card
Watery Grave,http://gatherer.wizards.com/Handlers/Image.ashx?multiverseid=83731&type=card
Plains,http://gatherer.wizards.com/Handlers/Image.ashx?multiverseid=495098&type=card
Island,http://gatherer.wizards.com/Handlers/Image.ashx?multiverseid=495099&type=card
Swamp,http://gatherer.wizards.com/Handlers/Image.ashx?multiverseid=495100&type=card
Mountain,http://gatherer.wizards.com/Handlers/Image.ashx?multiverseid=495101&type=card
Forest,http://gatherer.wizards.com/Handlers/Image.ashx?multiverseid=495102&type=card
"Ral, Caller of Storms",http://gatherer.wizards.com/Handlers/Image.ashx?multiverseid=455605&type=card
Ral's Dispersal,http://gatherer.wizards.com/Handlers/Image.ashx?multiverseid=455606&type=card
Precision Bolt,http://gatherer.wizards.com/Handlers/Image.ashx?multiverseid=455607&type=card
Ral's Staticaster,http://gatherer.wizards.com/Handlers/Image.ashx?multiverseid=455608&type=card
"Vraska, Regal Gorgon",http://gatherer.wizards.com/Handlers/Image.ashx?multiverseid=455609&type=card
Kraul Raider,http://gatherer.wizards.com/Handlers/Image.ashx?multiverseid=455610&type=card
Attendant of Vraska,http://gatherer.wizards.com/Handlers/Image.ashx?multiverseid=455611&type=card
Vraska's Stoneglare,http://gatherer.wizards.com/Handlers/Image.ashx?multiverseid=455612&type=card
Impervious Greatwurm,http://gatherer.wizards.com/Handlers/Image.ashx?multiverseid=455613&type=card
